UrlId,Id,PlantName,LicenseNumber,PlantCapacity,LicensedMiti,LicenseExpiryMiti,MitiofOperation,WardNo,VDCMNC,PhoneNo,Email,URL,Rivers,Latitude,Longitude,DateofOperation,LicensedDate,LicenseExpiryDate,CreatedBy,CreatedDate,IsActive,CompanyId,PlantType,DistrictId,ProvinceId,LocalConsumers,MultiDistricts
1,1,Chilime Plant,6,22100,26/04/2054,30/11/2104,07/05/2060,,Shyafrubesi,,info@chilime.com.np,http://www.chilime.com.np,Chilime,39.7817,-89.6501,8/24/2003 12:00:00 AM,08/10/1997 0:00,1/22/2024 12:00:00 AM,admin,01/01/2013 0:00,TRUE,Chilime Hydropower Company Ltd. Kathmandu,Seasonal rate in NRS,,Province 1,TRUE,TRUE
5,5,Piluwa Khola HP,9,3200,01/06/2060,03/09/2091,01/06/2060,,,,,,Piluwa khola,,,9/18/2003 12:00:00 AM,9/18/2003 12:00:00 AM,12/18/2034 12:00:00 AM,admin,01/01/2013 0:00,TRUE,Arun Valley HP Dev.  Ltd,Seasonal rate in NRS,Sankhuwasabha,Province 1,FALSE,FALSE
6,6,Ridi Khola HP,22,2400,17/02/2064,16/02/2099,10/07/2066,,,,,,Ridi,,,10/27/2009 12:00:00 AM,5/31/2007 12:00:00 AM,10/28/2043 12:00:00 AM,admin,01/01/2013 0:00,TRUE,Ridi Hydro Power Development Company Limited Ridi,Seasonal rate in NRS,Palpa,Lumbini,FALSE,FALSE
7,7,Upper Bhotekoshi,5,45000,05/02/2050,15/12/2098,11/10/2057,Sindhupalchowk,,,,,Bhote Koshi,,,1/24/2001 12:00:00 AM,5/18/1993 12:00:00 AM,3/29/2042 12:00:00 AM,admin,01/01/2013 0:00,TRUE,Bhotekoshi Power Company Pvt. Ltd,PPA Rate in USD & NRS,Sindhupalchok,Bagmati,FALSE,FALSE
8,8,Aandikhola HP,2_gtd,9400,14/02/2045,13/02/2075,18/02/2048,"Aandhikhola, Syangja",,977-086-590104,info@bpc.com.np,https://www.bpc.com.np/,Andhi Khola,39.7817,-89.6501,06/01/1991 0:00,5/27/1988 12:00:00 AM,5/27/2018 12:00:00 AM,admin,01/01/2013 0:00,TRUE,Butwal Power Company,Local R.E Distribution,,Province 1,TRUE,TRUE
9,9,Khimti I HP,1,60000,01/11/2051,29/10/2101,17/12/2056,5,Tamakoshi ,9.77048E+11,hpl@hpl.com.np,https://hpl.com.np/,Khimti Khola,39.7817,-89.6501,3/30/2000 12:00:00 AM,2/13/1995 12:00:00 AM,3/30/2020 12:00:00 AM,admin,01/01/2013 0:00,TRUE,Himal Hydropower Co Ltd,Seasonal rate in NRS,Dolakha,Bagmati,TRUE,TRUE
10,10,Indrawati 3,7,7500,14/11/2054,21/06/2094,21/06/2059,Sindhupalchok,,,,,Indrawati Khola,,,10/07/2002 0:00,2/26/1998 12:00:00 AM,10/07/2037 0:00,admin,01/01/2013 0:00,TRUE,National Hydropower Company Limited Katmandu,Seasonal rate in NRS,Sindhupalchok,Province 1,FALSE,FALSE
12,12,Chaku Khola  Small HP,17,3200,04/11/2061,03/11/2096,01/03/2062,Sindhupalchok,,,,,Chaku,,,6/15/2005 12:00:00 AM,2/15/2005 12:00:00 AM,3/15/2037 12:00:00 AM,admin,01/01/2013 0:00,TRUE,Laughing Buddha Power Nepal Pvt. Ltd.,Seasonal rate in NRS,Sindhupalchok,Province 1,FALSE,FALSE
13,13,Sunkoshi Small HP,12,2600,22/06/2059,31/03/2094,11/12/2061,Sindhupalchok,3137 Laguna Street,555-666-0606,testing@example.com,http://www.example.com,Sun Koshi,39.7817,-89.6501,3/24/2005 12:00:00 AM,10/08/2002 0:00,3/15/2042 12:00:00 AM,admin,01/01/2013 0:00,TRUE,Sanima Hydropower Company Limited casc,Seasonal rate in NRS,,Province 1,TRUE,TRUE
14,14,Khudi HP,16,4000,13/11/2061,12/11/2096,15/09/2063,,"Ghanpokhara, Khudi, Simpani ",,info@khl.com.np,https://www.khl.com.np/,Khudi,39.7817,-89.6501,12/30/2006 12:00:00 AM,2/24/2005 12:00:00 AM,3/15/2023 12:00:00 AM,admin,01/01/2013 0:00,TRUE,Khudi Hydro Power Company LTD 1,Seasonal rate in NRS,,Province 1,TRUE,TRUE
15,15,Mardi Khola,21,4800,08/10/2063,07/10/2098,08/10/2066,,,,,,Mardi,,,1/22/2010 12:00:00 AM,1/22/2007 12:00:00 AM,3/15/2042 12:00:00 AM,admin,01/01/2013 0:00,TRUE,Gandaki Hydropower Development Co. Ltd. Pokhara,Seasonal rate in NRS,Kaski,Gandaki,TRUE,TRUE
16,16,Thoppal Khola HP,19,1650,25/03/2063,24/03/2098,13/07/2064,,3137 Laguna Street,,,,Thoppal,39.7817,-89.6501,10/30/2007 12:00:00 AM,07/09/2006 0:00,01/02/2021 0:00,admin,01/01/2013 0:00,TRUE,Thoppal Khola Hydropower Co. Pvt. Ltd. 0,Seasonal rate in NRS,,Province 1,TRUE,TRUE
17,17,Ilam Puwa Khola HP,2,6200,27/05/2052,30/11/2101,22/12/2056,Ilam,3137 Laguna Street,555-666-0606,testing@example.com,http://www.example.com,Puwa,39.7817,-89.6501,04/04/2000 0:00,09/12/1995 0:00,04/04/2040 0:00,admin,01/01/2013 0:00,TRUE,Nepal Electricity Authority NEA,Seasonal rate in NRS,,Province 1,TRUE,TRUE
18,18,Modi  HP,3,14800,24/10/2052,30/11/2101,24/08/2057,Parbat,,,,,Modi Khola,,,12/09/2000 0:00,02/07/1996 0:00,12/09/2023 0:00,admin,01/01/2013 0:00,TRUE,Nepal Electricity Authority NEA,Flat Rate (NEA),Parbat,Province 1,FALSE,FALSE
19,19,Kaligandaki 'A' HP,4,144000,21/07/2053,30/11/2101,2059/04/31,Syangja,,,,,Kali Gandaki,,,8/16/2002 12:00:00 AM,11/06/1996 0:00,3/20/2028 12:00:00 AM,admin,01/01/2013 0:00,TRUE,Nepal Electricity Authority NEA,Flat Rate (NEA),,Province 1,FALSE,FALSE
20,20,Middle Marsyangdi HP,8,70200,12/03/2057,31/01/2106,01/10/2065,Lamjung,,,,,Marsyangdi,,,1/14/2009 12:00:00 AM,6/26/2000 12:00:00 AM,3/20/2034 12:00:00 AM,admin,01/01/2013 0:00,TRUE,Nepal Electricity Authority NEA,Flat Rate (NEA),Lamjung,Province 1,FALSE,FALSE
21,21,Tatopani HP,1_gtd,2000,06/12/2051,30/11/2101,30/12/2051,Myagdi,,,,,Tatopani,,,4/13/1995 12:00:00 AM,3/20/1995 12:00:00 AM,3/21/2021 12:00:00 AM,admin,01/01/2013 0:00,TRUE,Nepal Electricity Authority NEA,Flat Rate (NEA),Myagdi,Province 1,FALSE,FALSE
22,22,Marsyangdi HP,1_gtd,69000,07/12/2041,06/12/2071,15/06/2046,Tanahu,,,,,Marsyangdi,,,10/01/1989 0:00,3/20/1985 12:00:00 AM,3/20/2015 12:00:00 AM,admin,01/01/2013 0:00,TRUE,Nepal Electricity Authority NEA,Flat Rate (NEA),,Province 1,FALSE,FALSE
23,23,Panauti HP,1_gtd,2400,07/12/2018,07/12/2048,07/12/2023,Kavreplanchok,,,,,Roshi,,,3/20/1967 12:00:00 AM,3/20/1962 12:00:00 AM,3/20/1992 12:00:00 AM,admin,01/01/2013 0:00,TRUE,Nepal Electricity Authority NEA,Flat Rate (NEA),Kavrepalanchok,Province 1,FALSE,FALSE
24,24,Trisuli  HP,1_gtd,24000,07/12/2018,07/12/2048,07/12/2023,Nuwakot,,,,,Trishuli,,,3/20/1967 12:00:00 AM,3/20/1962 12:00:00 AM,3/20/1992 12:00:00 AM,admin,01/01/2013 0:00,TRUE,Nepal Electricity Authority NEA,Flat Rate (NEA),Nuwakot,Province 1,FALSE,FALSE
25,25,Gandak  HP,1_gtd,15000,07/12/2034,07/12/2064,07/12/2038,Nawalparasi,,,,,Narayani,,,3/20/1982 12:00:00 AM,3/20/1978 12:00:00 AM,3/20/2008 12:00:00 AM,admin,01/01/2013 0:00,TRUE,Nepal Electricity Authority NEA,Flat Rate (NEA),Nawalparasi,Province 1,FALSE,FALSE
26,26,Sunkoshi  HP,1_gtd,10050,07/12/2024,07/12/2054,07/12/2028,Sindhupalchok,,,,,,,,3/20/1972 12:00:00 AM,3/20/1968 12:00:00 AM,3/20/1998 12:00:00 AM,admin,01/01/2013 0:00,TRUE,Nepal Electricity Authority NEA,Flat Rate (NEA),Sindhupalchok,Bagmati,FALSE,FALSE
27,27,Kulekhani-I  HP,1_gtd,60000,07/12/2035,07/12/2065,07/12/2039,Makwanpur,,,,,Kulekhani,,,3/21/1983 12:00:00 AM,3/20/1979 12:00:00 AM,3/20/2009 12:00:00 AM,admin,01/01/2013 0:00,TRUE,Nepal Electricity Authority NEA,Flat Rate (NEA),Makawanpur,Province 1,FALSE,FALSE
28,28,Devighat  HP,1_gtd,14100,07/12/2037,06/12/2067,07/12/2041,Nuwakot,,,,,Trishuli,,,3/20/1985 12:00:00 AM,3/20/1981 12:00:00 AM,3/20/2011 12:00:00 AM,admin,01/01/2013 0:00,TRUE,Nepal Electricity Authority NEA,Flat Rate (NEA),Nuwakot,Province 1,FALSE,FALSE
29,29,Fewa (Pokhara)  HP,,1088,07/12/2022,07/12/2052,07/12/2026,,,,,,Fewa,,,3/20/1970 12:00:00 AM,3/20/1966 12:00:00 AM,3/20/1996 12:00:00 AM,admin,01/01/2013 0:00,TRUE,Nepal Electricity Authority NEA,Flat Rate (NEA),Kaski,Province 1,FALSE,FALSE
30,30,Tinau  HP,1_gtd,1024,07/12/2029,06/12/2059,07/12/2034,none,,,,,Tinau,,,3/20/1978 12:00:00 AM,3/20/1973 12:00:00 AM,3/20/2003 12:00:00 AM,admin,01/01/2013 0:00,TRUE,Nepal Electricity Authority NEA,Flat Rate (NEA),Palpa,Province 1,FALSE,FALSE
31,31,Seti  HP,1_gtd,1500,07/12/2038,07/12/2068,01/07/2042,none,,,,,Seti Khola,,,10/17/1985 12:00:00 AM,3/20/1982 12:00:00 AM,3/20/2012 12:00:00 AM,admin,01/01/2013 0:00,TRUE,Nepal Electricity Authority NEA,Flat Rate (NEA),Kaski,Province 1,FALSE,FALSE
32,32,Kulekhani-II  HP,1_gtd,32000,07/12/2039,08/12/2069,07/12/2043,none,,,,,Kulekhani,,,3/21/1987 12:00:00 AM,3/21/1983 12:00:00 AM,3/21/2013 12:00:00 AM,admin,01/01/2013 0:00,TRUE,Nepal Electricity Authority NEA,Flat Rate (NEA),Makawanpur,Province 1,FALSE,FALSE
33,33,Jhimruk,3_gtd,12000,25/01/2052,30/12/2101,01/05/2051,,Darimchaur,977-086-590104,info@bpc.com.np,https://www.bpc.com.np/,Jhimruk Khola,,,8/17/1994 12:00:00 AM,05/08/1995 0:00,4/14/2042 12:00:00 AM,admin,01/01/2013 0:00,TRUE,Butwal Power Company,Local R.E Distribution,Pyuthan,Lumbini,TRUE,TRUE
34,34,Chatara HP,,3200,01/04/2052,01/04/2082,01/04/2052,,,,,,,,,7/17/1995 12:00:00 AM,7/17/1995 12:00:00 AM,7/17/2025 12:00:00 AM,admin,01/01/2013 0:00,TRUE,Nepal Electricity Authority NEA,Flat Rate (NEA),Sunsari,,FALSE,FALSE
36,36,Hewa Khola HP,25,4500,22/01/2065,21/01/2100,10/04/2068,,,-5244,ajardin_dip@m.spheremail.net,,Hewa Khola,,,7/26/2011 12:00:00 AM,05/04/2008 0:00,12/13/2018 12:00:00 AM,admin,01/01/2013 0:00,TRUE,Barun Hydropower,Seasonal rate in NRS,Saptari,Bagmati,FALSE,FALSE
37,37,Mai Khola Small HP,23,4500,20/08/2064,19/08/2099,01/11/2067,,,Kathmandu,,,Mai Khola,,,2/13/2011 12:00:00 AM,12/06/2007 0:00,4/28/2024 12:00:00 AM,admin,01/01/2013 0:00,TRUE,Himal Dolkha Hydropower Company Limited Kathmadnu,Seasonal rate in NRS,Ilam,Province 1,FALSE,FALSE
38,38,Bijaypur-1 Small HP,34,4500,22/12/2066,21/12/2101,05/05/2069,Bijaypur-1,,,,,Bijayapur,,,8/21/2012 12:00:00 AM,04/04/2010 0:00,8/21/2042 12:00:00 AM,admin,01/01/2013 0:00,TRUE,Bhagawati Hydropower Development Company Ltd. Bijaypur,Seasonal rate in NRS,Kaski,Province 1,FALSE,FALSE
39,39,Lower Modi-1 HP,29,10200,02/05/2066,02/05/2101,09/08/2069,,,,,,Modi Khola,,,11/24/2012 12:00:00 AM,8/18/2009 12:00:00 AM,11/24/2042 12:00:00 AM,admin,01/01/2013 0:00,TRUE,United Modi Hydropower Pvt. Ltd.,Seasonal rate in NRS,Parbat,Province 1,FALSE,FALSE
40,40,Siuri HP,31,5000,30/05/2066,29/05/2101,30/06/2069,,,,,,Siuri,,,10/16/2012 12:00:00 AM,9/15/2009 12:00:00 AM,10/16/2042 12:00:00 AM,admin,01/01/2013 0:00,TRUE,Nyadi Group (P) Ltd. Lamjung,Seasonal rate in NRS,Lamjung,Gandaki,TRUE,TRUE
41,41,Sipring Khola HP,27,10000,30/01/2066,29/01/2101,03/10/2069,,,,,,Sipring ,,,1/16/2013 12:00:00 AM,5/13/2009 12:00:00 AM,1/16/2043 12:00:00 AM,admin,01/01/2013 0:00,TRUE,Synergy Power Development P Ltd Kathmandu,Seasonal rate in NRS,Dolakha,Province 1,FALSE,FALSE
42,42,Tadikhola HP,54,5000,06/08/2068,05/08/2103,04/12/2069,,,01-4219731,,,Tadi Khola,,,3/17/2013 12:00:00 AM,11/22/2011 12:00:00 AM,3/27/2043 12:00:00 AM,admin,01/01/2013 0:00,TRUE,"Mountain Energy Nepal Ltd. Sunrise Bizz Park, 3rd Floor",Seasonal rate in NRS,Nuwakot,Bagmati,FALSE,FALSE
43,43,Bhairav kunda khola Small HP,30,3000,19/05/2066,18/05/2101,22/02/2071,Sindhupalchowk,,,,,Bhairab Kund,,,06/05/2014 0:00,09/04/2009 0:00,06/05/2042 0:00,admin,01/01/2013 0:00,TRUE,Bhairab kunda khola Hydropower Co. Ltd.,Seasonal rate in NRS,Sindhupalchok,Province 1,FALSE,FALSE
44,44,Ankhukhola Small HP,32,8400,26/08/2066,25/08/2101,08/05/2070,Dhading,,,,,Ankhu khola,,,8/24/2013 12:00:00 AM,12/11/2009 0:00,8/24/2042 12:00:00 AM,admin,01/01/2013 0:00,TRUE,Ankhu Khola Hydropower Co. Ltd.,Seasonal rate in NRS,Dhading,Province 1,FALSE,FALSE
45,45,Middle Chaku HP,44,1800,07/12/2067,06/12/2102,01/11/2069,Sindhupalchowk,,,,,,,,02/12/2013 0:00,3/21/2011 12:00:00 AM,02/12/2043 0:00,admin,01/01/2013 0:00,TRUE,Laughing Buddha Power Nepal Pvt. Ltd.,Seasonal rate in NRS,Sindhupalchok,Province 1,FALSE,FALSE
46,46,Lower Chaku HP,26,1800,09/05/2065,08/05/2100,24/04/2070,,,,,,Chaku,,,08/08/2013 0:00,8/25/2008 12:00:00 AM,7/29/2042 12:00:00 AM,admin,01/01/2013 0:00,TRUE,Laughing Buddha Power Nepal Pvt. Ltd.,Seasonal rate in NRS,Sindhupalchok,Province 1,FALSE,FALSE
47,47,Charnawati khola HP,40,3520,17/08/2067,16/08/2102,24/02/2070,Dolkha,,,,,Charnawati,,,06/07/2013 0:00,12/03/2010 0:00,06/07/2042 0:00,admin,01/01/2013 0:00,TRUE,Nepal Hydro Developer Ltd.,Seasonal rate in NRS,Dolakha,Province 1,FALSE,FALSE
48,48,Upper Hugdi,67,5000,30/04/2069,29/04/2104,09/12/2071,,,,,,Hugdi,,,3/23/2015 12:00:00 AM,8/14/2012 12:00:00 AM,4/14/2043 12:00:00 AM,admin,01/01/2013 0:00,TRUE,Ruru Jalbidyut Pariyojana Pvt. Ltd,Seasonal rate in NRS,Gulmi,Province 1,FALSE,FALSE
49,49,Chhandi Khola,103,2000,24/05/2070,23/05/2105,13/12/2072,Lamjung,,Lamjung,,N/A,Chhandi,,,3/26/2016 12:00:00 AM,09/09/2013 0:00,09/09/2043 0:00,admin,01/01/2013 0:00,TRUE,Chhyandi Hydropower Co. Ltd,Seasonal rate in NRS,Lamjung,Province 1,FALSE,FALSE
50,50,Sanima Mai,37,22000,13/05/2067,12/05/2102,14/11/2071,,,,,,Mai Khola,,,2/26/2015 12:00:00 AM,8/29/2010 12:00:00 AM,8/29/2043 12:00:00 AM,admin,01/01/2013 0:00,TRUE,Sanima Mai Hydropower Limited,Seasonal rate in NRS,Ilam,Province 1,FALSE,FALSE
51,51,Mai Cascade,72,7000,15/07/2069,14/07/2104,29/10/2072,,,,,,Mai Khola,,,02/12/2016 0:00,10/31/2012 12:00:00 AM,10/31/2042 12:00:00 AM,admin,01/01/2013 0:00,TRUE,Sanima Mai Hydropower Limited,Seasonal rate in NRS,Ilam,Province 1,FALSE,FALSE
52,52,Radhi Small,47,4400,28/01/2068,27/01/2103,2071/02/31,,,,,,Radhi,,,6/14/2014 12:00:00 AM,05/11/2011 0:00,05/11/2041 0:00,admin,01/01/2013 0:00,TRUE,Radhi Bidyut Co. Ltd,Seasonal rate in NRS,Lamjung,Province 1,FALSE,FALSE
53,53,Upper Puwa-1,90,3000,06/02/2070,05/02/2105,01/10/2071,,,,,,Puwa,,,1/15/2015 12:00:00 AM,5/20/2013 12:00:00 AM,5/20/2043 12:00:00 AM,admin,01/01/2013 0:00,TRUE,Joshi Hydropower Co. P. Ltd,Seasonal rate in NRS,Ilam,Province 1,FALSE,FALSE
54,54,Jiri Khola SHP,42,2400,17/11/2067,16/11/2102,01/11/2071,,,,,,Jiri Khola,,,2/13/2015 12:00:00 AM,03/01/2011 0:00,03/01/2044 0:00,admin,01/01/2013 0:00,TRUE,"Bojini Company (P.) Ltd Buddhanagar, Kathmandu",Seasonal rate in NRS,Dolakha,Province 1,FALSE,FALSE
55,55,Mailung Khola,13,5000,03/12/2060,02/12/2094,19/03/2071,,,,,,Mailung Khola,,,07/03/2014 0:00,3/16/2004 12:00:00 AM,3/16/2038 12:00:00 AM,admin,01/01/2013 0:00,TRUE,Mailung Khola Hydropower Company Ltd,Seasonal rate in NRS,Rashuwa,Province 1,FALSE,FALSE
61,61,Nau gad khola,65,8500,31/03/2069,30/03/2104,02/05/2072,Naugad,,,,,Naugad,,,8/19/2015 12:00:00 AM,7/15/2012 12:00:00 AM,04/03/2034 0:00,rmsdoed,07/02/2018 10:22,TRUE,Api Power Company Ltd.,Seasonal rate in NRS,Darchula,Sudurpashchim,FALSE,FALSE
62,62,Upper Mai,36,12000,23/04/2067,22/04/2102,09/03/2073,"Mabu,Maimajhuwa (Ilam)",,,,,,,,6/23/2016 12:00:00 AM,08/08/2010 0:00,08/07/2042 0:00,rmsdoed,11/21/2018 10:11:48 AM,TRUE,"Panchakanya Mai Hydropwer limited Harihar bhawan, Pulchowk, Lalitpur",Seasonal rate in NRS,,,FALSE,FALSE
63,63,Khani Khola,85,2000,03/11/2069,02/11/2104,09/08/2073,Lalitpur,,,,,,,,11/24/2016 12:00:00 AM,2/14/2013 12:00:00 AM,2/14/2043 12:00:00 AM,rmsdoed,11/21/2018 10:30:13 AM,TRUE,Khani Khola Hydropower Company Ltd Lalitpur,Seasonal rate in NRS,,,FALSE,FALSE
64,64,Tungun - Thosne Khola,84,4360,03/11/2069,02/11/2104,09/08/2073,Lalitpur,,,,,,,,11/24/2016 12:00:00 AM,2/14/2013 12:00:00 AM,2/14/2044 12:00:00 AM,rmsdoed,11/21/2018 10:35:44 AM,TRUE,Khani Khola Hydropower Company Ltd Lalitpur,Seasonal rate in NRS,,,FALSE,FALSE
65,65,Upper Madi,35,25000,27/01/2067,26/01/2102,25/09/2073,Kaski,,4106507,,,,,,01/09/2017 0:00,05/10/2010 0:00,05/09/2043 0:00,rmsdoed,11/21/2018 10:45:05 AM,TRUE,Madi Power Pvt Ltd. Gorakha Complex Minbhawan,Seasonal rate in NRS,,,FALSE,FALSE
66,66,Daram Khola-A,89,2500,02/02/2070,01/02/2105,12/03/2073,Baglung,,01-4364009,,,Daram,,,6/26/2016 12:00:00 AM,5/16/2013 12:00:00 AM,5/15/2043 12:00:00 AM,rmsdoed,11/21/2018 10:52:10 AM,TRUE,Sayapatri Hydropower Pvt. Ltd. Gongabu-29 Kathmandu,Seasonal rate in NRS,,Province 1,FALSE,FALSE
67,67,Upper Marsyangdi A,60,50000,17/12/2068,16/12/2103,30/07/2073,Lamjung,,,,,,,,11/15/2016 12:00:00 AM,3/30/2012 12:00:00 AM,3/29/2044 12:00:00 AM,rmsdoed,11/21/2018 11:59:12 AM,TRUE,"Sinohydro-Sagarmatha Power Company Pvt Ltd Sanepa , Lalitpur",PPA Rate in USD & NRS,Lamjung,Gandaki,FALSE,FALSE
68,68,Hewa Khola A,58,14900,21/08/2069,20/08/2104,10/01/2074,Yanganam (Panchthar),,01-5251003 ,,,,,,4/23/2017 12:00:00 AM,12/06/2012 0:00,12/06/2043 0:00,rmsdoed,11/23/2018 5:11:31 PM,TRUE,"Panchthar Power Company Pvt. Ltd. Hativan 15, Lalitpur",Seasonal rate in NRS,,,FALSE,FALSE
69,69,Dwari Khola SHP,124,3750,26/02/2071,25/02/2106,23/01/2074,,,,,,Dwari Khola,,,05/06/2017 0:00,06/09/2014 0:00,,arun.raut,12/11/2018 13:35,TRUE,"Bhugol Energy Development Company Pvt Ltd Baneshwor-10, Kathmandu",Seasonal rate in NRS,Dailekh,Karnali,FALSE,FALSE
70,70,Upper Mai -C,95,6100,21/03/2070,20/03/2105,09/04/2074,,Sandakpur ,977-26-681006,admin@panchakanyamai.com.np,http://panchakanyamai.com.np/,Mai Khola,,,7/24/2017 12:00:00 AM,07/05/2013 0:00,01/01/1967 0:00,arun.raut,12/11/2018 13:43,TRUE,"Panchakanya Mai Hydropwer limited Harihar bhawan, Pulchowk, Lalitpur",Seasonal rate in NRS,Ilam,Province 1,TRUE,TRUE
71,71,Sabha Khola HPP,81,4000,04/10/2069,03/10/2104,02/06/2074,"Sabhapokhari-1,  (Dhupu) Shankhuwasabha",,14461326,,,,,,9/18/2017 12:00:00 AM,1/17/2013 12:00:00 AM,,arun.raut,12/17/2018 2:16:57 PM,TRUE,"Divyaswori Hydropower Ltd. Purano Baneshwor-31, Kathmandu",Seasonal rate in NRS,,,FALSE,FALSE
72,72,Thapa Khola HPP,61,13600,26/01/2069,25/01/2104,22/08/2074,"Sano Bharyang-15, Kathmandu",,01-4302706/07/09,,,,,,12/08/2017 0:00,05/08/2012 0:00,,arun.raut,12/17/2018 2:22:29 PM,TRUE,"Mount Kailash Energy Co. Ltd.  Sano Bharyang-15, Kathmandu",Seasonal rate in NRS,,,FALSE,FALSE
73,73,Chake Khola SHPP,114,2830,21/11/2070,20/11/2105,28/08/2074,"Khusibu-17, Kathmandu",,01-4481377,,,,,,12/14/2017 12:00:00 AM,03/05/2014 0:00,,arun.raut,12/17/2018 2:29:31 PM,TRUE,"Garjyang Upatyaka Hydropower Ltd. KMNP-17, Kathmandu",Seasonal rate in NRS,,,FALSE,FALSE
74,74,Sardi Khola HPP,94,4000,13/03/2070,12/03/2105,23/08/2074,"Sinamangal-9, Kathmandu",,01-4461574,,,,,,12/09/2017 0:00,6/27/2013 12:00:00 AM,,arun.raut,12/17/2018 2:35:01 PM,TRUE,"Mandakini Hydropower Ltd. Sinamangal-9, Kathmandu",Seasonal rate in NRS,,,FALSE,FALSE
75,75,Midim Khola(Karapu) HPP,68,3000,06/05/2069,05/05/2104,15/10/2074,,Karputar,01-5525406,unionhppl@gmail.com,,,,,1/29/2018 12:00:00 AM,8/22/2012 12:00:00 AM,01/01/1967 0:00,arun.raut,12/17/2018 2:45:28 PM,TRUE,"Union Hydropower Limited Dhobighat-3, Lalitpur",Seasonal rate in NRS,Lamjung,Gandaki,FALSE,FALSE
76,76,Jogmai Khola,86,7600,29/12/2069,28/12/2104,18/01/2074,,,,,,Jogmai Khola,,,05/01/2017 0:00,04/11/2013 0:00,,rmsdoed,06/08/2020 14:03,TRUE,"Sanvi Energy Pvt. Ltd. Pulchok, Lalitpur",Seasonal rate in NRS,Ilam,Province 1,FALSE,FALSE
77,77,Daraundi A,62,6000,16/02/2069,15/02/2104,12/08/2073,Gorkha,,,,,,,,11/27/2016 12:00:00 AM,5/29/2012 12:00:00 AM,,rmsdoed,06/08/2020 14:08,TRUE,"Kalika Power Company Limited Samakhusi, Kathmandu, Nepal.",Seasonal rate in NRS,,Province 1,FALSE,FALSE
78,78,Molun Khola SHP,127,7000,02/06/2071,01/06/2106,12/12/2074,"Baraneshwor, Okhaldhunga",,,,,,,,3/26/2018 12:00:00 AM,9/18/2014 12:00:00 AM,,rmsdoed,06/08/2020 14:13,TRUE,Molun Hydropower Co. Pvt. Ltd Rabibhawan Kathmandu P.O.Box 5813,Seasonal rate in NRS,,Province 1,FALSE,FALSE
79,79,Puwa Khola-1,106,4000,21/06/2070,20/06/2105,23/06/2074,"Shantidanda, Barbote, Ilam",,,,,,,,10/09/2017 0:00,10/07/2013 0:00,,rmsdoed,06/08/2020 14:17,TRUE,Puwa Khola - 1 Hydropower Pvt. Ltd PO Bpx 20762 Baluwatar,Seasonal rate in NRS,,Province 1,FALSE,FALSE
80,80,Chameliya Khola,20,30000,04/09/2063,03/09/2098,27/10/2074,"Latinath, Seri, Sikhar (Darchula)",,,,,Chameliya Khola,,,02/10/2018 0:00,12/19/2006 12:00:00 AM,,rmsdoed,06/08/2020 15:03,TRUE,Nepal Electricity Authority NEA,Seasonal rate in NRS,,Province 1,FALSE,FALSE
81,81,Jhyari Khola,63,2000,2069/02/30,29/02/2104,01/04/2073,Sindhupalchok,,,,,,,,7/16/2016 12:00:00 AM,06/12/2012 0:00,,rmsdoed,06/08/2020 15:16,TRUE,"Electrocom and Research Centre Baneshwor, Kathamandu - 10",Seasonal rate in NRS,,Province 1,FALSE,FALSE
82,82,Phawa khola,39,5000,19/06/2067,18/06/2102,14/07/2074,Chaksibote,,,,,Phawa khola,,,10/31/2017 12:00:00 AM,10/05/2010 0:00,,rmsdoed,06/08/2020 15:43,TRUE,"Shiwani Hydropower Company Baneshwor, Kathamandu - 10",Seasonal rate in NRS,Taplejung,Province 1,FALSE,FALSE
83,83,Madkyu Khola,116,13000,21/11/2070,20/11/2105,19/12/2074,,,,,,Madkyu,,,04/02/2018 0:00,03/05/2014 0:00,,rmsdoed,06/08/2020 15:47,TRUE,"Sikles Hydropower Pvt.Ltd P.O.Box. 170, Lekhnath Nagar Palika - 3, Kaski,",Seasonal rate in NRS,Kaski,Gandaki,FALSE,FALSE
84,84,Mai Sana Cascade HPP,101,8000,15/04/2070,14/04/2105,26/12/2074,"Chisapani, Ilam",,,,,Mai Khola,,,04/09/2018 0:00,7/30/2013 12:00:00 AM,,rmsdoed,06/08/2020 15:50,TRUE,Himal Dolkha Hydropower Company Limited Kathmadnu,Seasonal rate in NRS,,Province 1,FALSE,FALSE
85,85,Theule Khola HPP,140,1500,28/03/2072,27/03/2107,24/03/2075,Sarkuwa,,,,,Theule,,,07/08/2018 0:00,7/13/2015 12:00:00 AM,,rmsdoed,06/08/2020 15:53,TRUE,Barahi Hydropower Ltd Lakeside Pokhra-6,Seasonal rate in NRS,Baglung,Gandaki,FALSE,FALSE
86,86,Baramchi Khola HPP,33,4200,26/10/2066,25/10/2101,30/12/2071,"Baramchi, Hagam ",,,,,Baramchi,,,4/13/2015 12:00:00 AM,02/09/2010 0:00,,rmsdoed,06/08/2020 15:56,TRUE,"Unique Hydel Pvt Ltd Thulo Bharyang, Kathmandu",Seasonal rate in NRS,Sindhupalchok,Bagmati,FALSE,FALSE
87,87,Super Mai HPP,188,7800,30/11/2073,29/11/2108,11/07/2075,"Barbote, Soyang",,,,,Mai Khola,,,10/28/2018 12:00:00 AM,3/13/2017 12:00:00 AM,,rmsdoed,06/08/2020 16:00,TRUE,"Supermai Hydropower Pvt.Ltd. Kathmandu -5, Tangal",Seasonal rate in NRS,Ilam,Province 1,FALSE,FALSE
88,88,Rudi A,109,8800,12/09/2070,11/09/2105,05/12/2075,Pasagaun,,,,,"Rudi Khola 	",,,3/19/2019 12:00:00 AM,12/27/2013 12:00:00 AM,,rmsdoed,06/08/2020 16:06,TRUE,"Bindhabasini Hydropower Dev Co. Ltd P.O.Box.10242, Newbaneswor, Kathmandu",Seasonal rate in NRS,Lamjung,Gandaki,FALSE,FALSE
89,89,Bagmati Nadi,125,32000,19/03/2071,18/03/2106,19/12/2075,Sisneri,,,,,Bagmati,,,04/02/2019 0:00,07/03/2014 0:00,,rmsdoed,06/08/2020 16:14,TRUE,"Mandu Hydropower Pvt. Ltd. Kamaladi 13, Kathmandu",Seasonal rate in NRS,Makawanpur,Bagmati,FALSE,FALSE
90,90,Kapadigad HPP,111,3330,14/09/2070,13/09/2105,25/02/2076, Barchhen,,,,,Kapadigad,,,06/08/2019 0:00,12/29/2013 12:00:00 AM,,rmsdoed,06/08/2020 16:17,TRUE,"Salmanidevi Hydropower Pvt Ltd Tinthana-7, KTM",Seasonal rate in NRS,Doti,Sudurpashchim,FALSE,FALSE
91,91,Pikhuwa Khola,45,5000,07/12/2067,06/12/2102,27/02/2076,Bokhim,,,,,Pikhuwa ,,,06/10/2019 0:00,3/21/2011 12:00:00 AM,,rmsdoed,06/08/2020 16:22,TRUE,Eastern Hydropower Ltd Kathmandu,Seasonal rate in NRS,Bhojpur,Province 1,FALSE,FALSE
92,92,Super Mai A ,224,9600,18/11/2074,17/11/2109,2077/02/32,"Sulubung, Pyang",,,,,Mai Khola,,,6/14/2020 12:00:00 AM,03/02/2018 0:00,,rmsdoed,7/16/2020 3:05:27 PM,TRUE,"Sagarmatha Jalbidhyut Company P.Ltd. Thapa Gaun, New Banesor-10, Kathmandu.",Seasonal rate in NRS,Ilam,Province 1,FALSE,FALSE
93,93,Rudi Khola-B,199,6600,26/02/2074,25/02/2109,05/11/2076,Mijuredada (Kaski) ,,,,,Rudi Khola,,,2/17/2020 12:00:00 AM,06/09/2017 0:00,,chiranjib.jha,7/22/2020 3:37:20 PM,TRUE,"Bindhabasini Hydropower Dev Co. Ltd P.O.Box.10242, Newbaneswor, Kathmandu",Seasonal rate in NRS,Lamjung,Gandaki,FALSE,FALSE
94,94,Upper Khorunga HPP,168,7500,08/05/2073,06/11/2106,17/11/2076,Oyabjung,,,,,Khoranga Khola,,,2/29/2020 12:00:00 AM,8/24/2016 12:00:00 AM,,chiranjib.jha,7/22/2020 3:58:26 PM,TRUE,"Terhathum Power Company Limited GPO Box 24311, Bagbazar Kathmandu",Seasonal rate in NRS,Tehrathum,Province 1,FALSE,FALSE
95,95,Super Mai Khola Cascade HPP,250,3000,05/11/2075,04/11/2110,31/03/2077,Barbote,,,,,Mai Khola,,,7/15/2020 12:00:00 AM,2/17/2019 12:00:00 AM,,chiranjib.jha,08/10/2020 14:23,TRUE,"Mai Khola Hydropower Ltd. Kathmandu-10, Thapagaun;  9851018025",Seasonal rate in NRS,Ilam,Province 1,FALSE,FALSE
96,96,Lower Hewa,99,22100,09/04/2070,08/04/2105,21/04/2076,,Fidim,,,,Hewa Khola,,,08/06/2019 0:00,7/24/2013 12:00:00 AM,,rmsdoed,07/05/2021 0:15,TRUE,Mountain Hydro Power Nepal P Ltd. New Baneshwor,Seasonal rate in NRS,Panchthar,Province 1,FALSE,FALSE
97,97,Upper Mardi,181,7000,14/10/2073,31/05/2108,20/06/2076,,Lwangghale,,,,Mardi,,,10/07/2019 0:00,1/27/2017 12:00:00 AM,,rmsdoed,07/05/2021 0:20,TRUE,United Idimardi and R.B. Hydropower Pvt Ltd Sanepa,Seasonal rate in NRS,Kaski,Gandaki,FALSE,FALSE
98,98,"Iwa Khola	",139,9900,28/03/2072,27/03/2107,20/06/2076,,Sawalakhu ,,,,Iwa Khola,,,10/07/2019 0:00,7/13/2015 12:00:00 AM,,rmsdoed,07/05/2021 1:01,TRUE,"Ridi Power Company Ltd Trade Tower,Thapathali",Seasonal rate in NRS,Taplejung,Province 1,FALSE,FALSE
99,99,Upper Trishuli 3A,43,60000,15/11/2067,14/11/2102,13/05/2076,"Laharepouwa, Thulogoun, Ramche",,,,,Trishuli,,,8/30/2019 12:00:00 AM,2/27/2011 12:00:00 AM,,rmsdoed,8/18/2021 6:18:45 PM,TRUE,Nepal Electricity Authority NEA,Seasonal rate in NRS,Rashuwa,Bagmati,FALSE,FALSE
100,100,Kulekhani-III HP,24,14000,15/11/2067,14/11/2102,01/07/2076,,,,,,Kulekhani,,,10/18/2019 12:00:00 AM,2/27/2011 12:00:00 AM,,rmsdoed,09/08/2021 11:42,TRUE,Nepal Electricity Authority NEA,Seasonal rate in NRS,Makawanpur,Bagmati,FALSE,FALSE
101,101,Upper Naugad Gad ,177,8000,14/09/2073,14/09/2108,13/07/2076,,Dhuligada Sikhar,,,,Naugad,,,10/30/2019 12:00:00 AM,12/29/2016 12:00:00 AM,,rmsdoed,09/08/2021 11:57,TRUE,Api Power Company Ltd.,Seasonal rate in NRS,Darchula,Sudurpashchim,FALSE,FALSE
102,102,Kabeli B - 1,98,25000,28/03/2070,27/03/2105,23/07/2076,,"Nagi, Tharpu",,,,Kabeli Khola,,,11/09/2019 0:00,07/12/2013 0:00,,rmsdoed,09/08/2021 12:12,TRUE,Arun Kabeli Power Limited. Baneshwor,Seasonal rate in NRS,Panchthar,Province 1,FALSE,FALSE
103,103,Padam Khola SHP,207,4800,29/06/2074,28/06/2109,08/09/2076,,Kalika ,,,,Padam Khola,,,12/24/2019 12:00:00 AM,10/15/2017 12:00:00 AM,,rmsdoed,09/08/2021 12:15,TRUE,Dolti Power Company P. Ltd,Seasonal rate in NRS,Dailekh,Karnali,FALSE,FALSE
104,104,Ghalemdi Khola,110,5000,14/09/2070,13/09/2105,05/11/2076,,Narchyang,,,,Ghalemdi,,,2/17/2020 12:00:00 AM,12/29/2013 12:00:00 AM,,rmsdoed,09/08/2021 12:28,TRUE,Ghalemdi Hydro Limited,Seasonal rate in NRS,Myagdi,Gandaki,FALSE,FALSE
105,105,Solu,117,23500,04/12/2070,03/12/2105,10/12/2076,," Garma, Salleri ",,,,Solu Khola,,,3/23/2020 12:00:00 AM,3/18/2014 12:00:00 AM,,rmsdoed,09/08/2021 12:32,TRUE,Upper Solu Hydroelectric Company Ltd,Seasonal rate in NRS,Sankhuwasabha,Province 1,FALSE,FALSE
106,106,Rawa Khola,186,3000,26/11/2073,25/11/2108,04/06/2077,,Sungdel,,,,Rawa Khola,,,9/20/2020 12:00:00 AM,03/09/2017 0:00,,rmsdoed,09/08/2021 12:55,TRUE,Rawa Energy Development Pvt Ltd,Seasonal rate in NRS,Khotang,Province 1,FALSE,FALSE
107,107,Namarjun Madi,78,12000,11/09/2069,10/09/2104,13/06/2077,,"Namarjung, Sildujure",,,,Madi Khola,,,9/29/2020 12:00:00 AM,12/26/2012 12:00:00 AM,,rmsdoed,09/08/2021 13:00,TRUE,Himalayan Hydropower Pvt.Ltd,Seasonal rate in NRS,Kaski,Gandaki,FALSE,FALSE
108,108,Ghatte Khola,138,5000,24/03/2072,23/03/2107,23/07/2077,,Marbu ,,,,Ghatte Khola,,,11/08/2020 0:00,07/09/2015 0:00,,rmsdoed,09/08/2021 13:06,TRUE,Manakamana Engineering HP,Seasonal rate in NRS,Dolakha,Bagmati,FALSE,FALSE
109,109,Bijaypur Khola 2 HPP,166,4500,25/04/2073,24/04/2108,18/11/2077,,Lekhanath ,,,,Bijaypur,,,03/02/2021 0:00,08/09/2016 0:00,,rmsdoed,09/08/2021 13:10,TRUE,Civil Hydropower Company Limited,Seasonal rate in NRS,Kaski,Gandaki,FALSE,FALSE
110,110,Taksar Pikhuwa,159,8000,03/03/2073,02/03/2108,01/01/2078,"Taksar, Dalgaun",,,,,Pikhuwa,,,4/14/2021 12:00:00 AM,6/17/2016 12:00:00 AM,,rmsdoed,09/08/2021 13:15,TRUE,Taksar Pikhuwa Khola Hydropower Ltd. Tinkune,Seasonal rate in NRS,Bhojpur,Province 1,FALSE,FALSE
111,111,Upper Chaku A,58,22200,12/11/2068,11/11/2103,01/02/2078,,Fulpingkatti,,,,Chaku,,,5/15/2021 12:00:00 AM,2/24/2012 12:00:00 AM,,rmsdoed,09/08/2021 14:35,TRUE,Shiva Sri Hydropower Pvt. Ltd,Seasonal rate in NRS,Sindhupalchok,Bagmati,FALSE,FALSE
112,112,Mistry Khola,251,42000,20/10/2067,01/01/2100,03/03/2078,,,,,,Mistri Khola,,,6/17/2021 12:00:00 AM,02/03/2011 0:00,,rmsdoed,09/08/2021 15:57,TRUE,"Mountain Energy Nepal Ltd. Sunrise Bizz Park, 3rd Floor",Seasonal rate in NRS,Myagdi,Gandaki,FALSE,FALSE
113,113,Singati,150,25000,30/09/2072,29/09/2107,17/04/2078, Laduk,Lamidada,,,,Singati,,,08/01/2021 0:00,1/14/2016 12:00:00 AM,,rmsdoed,09/08/2021 16:10,TRUE,Singati Hydro Energy Pvt. Ltd.,Seasonal rate in NRS,Dolakha,Bagmati,FALSE,FALSE
114,114,Richet Khola SHP,214,5000,04/09/2074,03/09/2109,28/04/2078,"Manbu, Kashigaun", ,,,,Richet,,,08/12/2021 0:00,12/19/2017 12:00:00 AM,,rmsdoed,10/04/2021 15:47,TRUE,Richet Jalbidhyut Company Pvt. Ltd.  Mahalaxmisthan,Seasonal rate in NRS,Gorkha,Gandaki,FALSE,FALSE
115,115,Upper Tamakoshi HPP,41,456000,17/08/2067,16/08/2102,04/05/2078,,,4420295,,,,,,8/20/2021 12:00:00 AM,12/03/2010 0:00,,arun.raut,11/11/2021 12:04,TRUE,Upper Tamakoshi Hydropower Limited Gyaneshwor,Seasonal rate in NRS,Dolakha,Bagmati,FALSE,FALSE
116,116,Likhu-4,59,52400,28/11/2068,27/11/2098,21/07/2078,,"Ragani, Pokli",5544736,,,Likhhu,,,11/07/2021 0:00,03/11/2012 0:00,01/01/1967 0:00,arun.raut,11/25/2021 11:51:40 AM,TRUE,Green Ventures Co. Ltd,Seasonal rate in NRS,Okhaldunga,Province 1,FALSE,FALSE
119,119,Lower Jogmai Khola HPP,264,6200,12/03/2076,11/03/2111,15/07/2078,,"Namsaling, Goduk",Namsaling,,,Jogmai Khola,,,11/01/2021 0:00,6/27/2019 12:00:00 AM,,arun.raut,11/29/2021 10:51:58 AM,TRUE,Asian Hydropower Ltd New Baneshwor,Seasonal rate in NRS,Ilam,Province 1,FALSE,FALSE
120,120,Lower Modi Khola,38,20000,21/05/2067,20/05/2102,14/06/2078,,"Durlung, Deurali, Ramja",4441131,,,Modi Khola,,,9/30/2021 12:00:00 AM,09/06/2010 0:00,01/01/1967 0:00,arun.raut,11/29/2021 10:57:29 AM,TRUE,Modi Energy Pvt . Ltd Naxal,Seasonal rate in NRS,Parbat,Gandaki,FALSE,FALSE
121,121,Mai Beni HPP,228,9510,06/01/2075,05/01/2110,01/06/2078,,"Namsaling, Goduk",5525228,,,,,,9/17/2021 12:00:00 AM,4/19/2018 12:00:00 AM,,arun.raut,12/12/2021 14:47,TRUE,Samling Power company Pvt.Ltd,Seasonal rate in NRS,Ilam,Province 1,FALSE,FALSE
122,122,Lower Tadi Khola,88,4996,27/12/2069,26/12/2104,10/12/2078,,,,,,,,,3/24/2022 12:00:00 AM,04/09/2013 0:00,,jeevan.rana,5/17/2022 10:31:38 AM,TRUE,Buddha Bhumi Nepal Hydropower Company Limited,Seasonal rate in NRS,Nuwakot,Bagmati,FALSE,FALSE
123,123,Kabeli B-1 Cascade,277,9940,26/07/2076,25/07/2112,12/12/2078,,,,,,,,,3/26/2022 12:00:00 AM,11/12/2019 0:00,,jeevan.rana,5/17/2022 10:36:03 AM,TRUE,Arun Valley HP Dev.  Ltd,Seasonal rate in NRS,Panchthar,Province 1,FALSE,FALSE
124,124,Upper Syange Khola Small,197,2400,22/02/2074,21/02/2109,15/11/2078,,,,,,,,,2/27/2022 12:00:00 AM,06/05/2017 0:00,,jeevan.rana,5/17/2022 10:39:35 AM,TRUE,Upper Syange Hydropower Ltd.,Seasonal rate in NRS,Lamjung,Gandaki,FALSE,FALSE
125,125,Upper Chhandi Khola Small,233,4000,09/02/2075,08/02/2110,24/08/2078,,,,,,,,,12/10/2021 0:00,5/23/2018 12:00:00 AM,,jeevan.rana,5/17/2022 11:23:31 AM,TRUE,Chhyandi Hydropower Co. Ltd,Seasonal rate in NRS,Lamjung,Gandaki,FALSE,FALSE
126,126,Lower Khare,64,11000,19/03/2069,18/03/2105,06/09/2078,,,,,,,,,12/21/2021 12:00:00 AM,07/03/2012 0:00,,jeevan.rana,06/08/2022 11:34,TRUE,Universal Power Company Limited,Seasonal rate in NRS,Dolakha,Bagmati,FALSE,FALSE
127,127,Sapsu Khola Small HP,211,7151,29/08/2074,28/08/2109,23/09/2078,,,,,,Sapsu,,,01/07/2022 0:00,12/15/2017 12:00:00 AM,,jeevan.rana,06/08/2022 16:17,TRUE,Three Star Hydropower Company Limited,Seasonal rate in NRS,Khotang,Province 1,FALSE,FALSE
128,128,Likhu Khola A,148,51000,16/07/2072,15/07/2107,25/10/2078,,,,,,Likhu,,,02/08/2022 0:00,11/02/2015 0:00,,jeevan.rana,06/08/2022 16:34,TRUE,Numbur Himalaya Hydropower Limited,Seasonal rate in NRS,Solukhumbu,Province 1,FALSE,FALSE
129,129,Suri Khola,134,7000,24/02/2072,23/02/2107,18/01/2079,,,,,,,,,05/01/2022 0:00,06/07/2015 0:00,,jeevan.rana,07/03/2022 13:03,TRUE,Makar Jitumaya Suri Khola Hydropower Limited,Seasonal rate in NRS,Dolakha,Bagmati,FALSE,FALSE
130,130,Nyadi,83,30000,03/11/2069,02/11/2104,27/01/2079,,,,,,,,,05/10/2022 0:00,2/14/2013 12:00:00 AM,,jeevan.rana,07/03/2022 13:09,TRUE,Nyadi Hydropower Limited,Seasonal rate in NRS,Lamjung,Gandaki,FALSE,FALSE
131,131,Upper Khimti II,131,7000,13/12/2071,12/12/2106,17/02/2079,,,,,,,,,5/31/2022 12:00:00 AM,3/27/2015 12:00:00 AM,,jeevan.rana,7/18/2022 11:53:19 AM,TRUE,Himalaya Urja Bikash Company Limited,Seasonal rate in NRS,Ramechhap,Bagmati,FALSE,FALSE
132,132,Uppallo Khimti,77,12000,03/09/2069,02/09/2104,06/03/2079,,,,,,,,,6/20/2022 12:00:00 AM,12/18/2012 12:00:00 AM,,jeevan.rana,7/21/2022 4:58:31 PM,TRUE,Himalaya Urja Bikash Company Limited,Seasonal rate in NRS,Ramechhap,Bagmati,FALSE,FALSE
133,133,Upper Hewa,133,8500,15/01/2072,14/01/2107,19/12/2078,,,,,,,,,04/02/2022 0:00,4/28/2015 12:00:00 AM,,jeevan.rana,7/26/2022 1:25:24 PM,TRUE,Upper Hewakhola Hydropower Company Limited,Seasonal rate in NRS,Sankhuwasabha,Province 1,FALSE,FALSE
134,134,Dordi Khola,48,27000,23/03/2068,22/03/2103,14/06/2079,,,,,,,,,9/30/2022 12:00:00 AM,07/07/2011 0:00,,jeevan.rana,03/01/2023 17:06,TRUE,Himalayan Power Partner Limited Maharajgunj,Seasonal rate in NRS,Lamjung,Gandaki,FALSE,FALSE
135,135,Makarigad,170,10000,27/05/2073,26/05/2108,27/11/2079,,,,,,Makarigad,,,03/11/2023 0:00,09/12/2016 0:00,,jeevan.rana,3/23/2023 12:47:44 PM,TRUE,Makarigad Hydropower Pvt. Ltd. Maharajgunj,Seasonal rate in NRS,Darchula,Sudurpashchim,FALSE,FALSE
136,136,Upper Dordi A,121,25000,15/01/2071,14/01/2107,17/08/2079,,,,,,,,,12/03/2022 0:00,4/28/2014 12:00:00 AM,,jeevan.rana,3/26/2023 4:14:05 PM,TRUE,Liberty Energy Company Limited,Seasonal rate in NRS,Lamjung,Gandaki,FALSE,FALSE
137,137,Lower Likhu,154,28100,28/12/2072,27/12/2108,19/07/2079,,,,,,,,,11/05/2022 0:00,04/10/2016 0:00,,jeevan.rana,3/26/2023 4:16:14 PM,TRUE,Swet Ganga Hydropower and Construction Limited,Seasonal rate in NRS,Ramechhap,Bagmati,FALSE,FALSE
138,138,Chepe Khola,279,8630,16/08/2076,15/08/2112,16/06/2079,,,,,,,,,10/02/2022 0:00,12/02/2019 0:00,,jeevan.rana,3/27/2023 10:51:38 AM,TRUE,Aashutosh Energy Limited,Seasonal rate in NRS,Gorkha,Gandaki,FALSE,TRUE
139,139,Solu Khola (Dudhkoshi),126,86000,02/06/2071,01/06/2107,17/11/2079,,,,,,,,,03/01/2023 0:00,9/18/2014 12:00:00 AM,,jeevan.rana,3/27/2023 4:44:28 PM,TRUE,Sahas Urja Limited,Seasonal rate in NRS,Solukhumbu,Province 1,FALSE,FALSE
140,140,Upper Balephi A,163,36000,12/04/2073,11/04/2108,06/08/2079,(select 198766*667891 from DUAL),3137 Laguna Street,555-666-0606,testing@example.com,http://www.example.com,1,39.7817,-89.6501,11/22/2022 12:00:00 AM,7/27/2016 12:00:00 AM,01/01/1967 0:00,Kiran,4/24/2023 12:20:38 PM,TRUE,Balephi Hydropower Ltd. Koteshwor 35,Seasonal rate in NRS,,Province 1,TRUE,TRUE
141,141,Mid Solu Khola ,"308	",9500,22/04/2077,21/04/2112,15/09/2079,,,,,,Solu Khola,,,12/30/2022 12:00:00 AM,08/06/2020 0:00,,Kiran,4/24/2023 12:34:50 PM,TRUE,Mid Solu Hydropower Co. Ltd.  Baneshwor-10,Seasonal rate in NRS,Solukhumbu,Province 1,FALSE,FALSE
142,142,Dordi 1,82,12000,12/10/2069,11/10/2105,14/06/2079,,,,,,,,,9/30/2022 12:00:00 AM,1/25/2013 12:00:00 AM,,jeevan.rana,7/13/2023 4:49:51 PM,TRUE,Dordi Khola Jalvidyut Co. Limited,Seasonal rate in NRS,Lamjung,Gandaki,FALSE,FALSE
143,143,Puwa 2,240,4960,23/06/2075,22/06/2110,12/08/2079,,,,,,,,,11/28/2022 12:00:00 AM,10/09/2018 0:00,,jeevan.rana,7/13/2023 4:54:51 PM,TRUE,Peoples Power Limited,Seasonal rate in NRS,Ilam,Province 1,FALSE,FALSE
144,144,Middle Modi,93,18000,07/03/2070,06/03/2106,08/09/2079,,,,,,,,,12/23/2022 12:00:00 AM,6/21/2013 12:00:00 AM,,jeevan.rana,7/13/2023 4:57:01 PM,TRUE,Middle Modi Hydropower Limited,Seasonal rate in NRS,Parbat,Gandaki,FALSE,FALSE
145,145,Kalanga,151,15330,14/12/2072,13/12/2107,27/10/2079,,,,,,,,,02/10/2023 0:00,3/27/2016 12:00:00 AM,,jeevan.rana,7/13/2023 4:59:10 PM,TRUE,Kalanga Hydropower Limited,Seasonal rate in NRS,Bajhanga,Sudurpashchim,FALSE,FALSE
146,146,Upper Kalangad,152,38460,14/12/2072,13/12/2107,06/11/2079,,,,,,,,,2/18/2023 12:00:00 AM,3/27/2016 12:00:00 AM,,jeevan.rana,7/13/2023 5:00:52 PM,TRUE,Sanigad Hydro Limited,Seasonal rate in NRS,Bajhanga,Sudurpashchim,FALSE,FALSE
147,147,Upper Machha Khola Small,283,4550,29/09/2076,28/09/2111,17/11/2079,,,,,,,,,03/01/2023 0:00,1/14/2020 12:00:00 AM,,jeevan.rana,7/13/2023 5:02:49 PM,TRUE,Bikash Hydropower Co. Pvt. Ltd.,Seasonal rate in NRS,Gorkha,Gandaki,FALSE,FALSE
148,148,Upper Piluwa Khola 2,149,4720,03/09/2072,02/09/2107,12/11/2079,,,,,,,,,2/24/2023 12:00:00 AM,12/18/2015 12:00:00 AM,,jeevan.rana,7/13/2023 5:05:16 PM,TRUE,Menchhiyam Hydropower Pvt. Ltd.,Seasonal rate in NRS,Sankhuwasabha,Province 1,FALSE,FALSE
149,149,Super Madi,192,44000,17/12/2073,16/12/2108,27/12/2079,,,,,,,,,04/10/2023 0:00,3/30/2017 12:00:00 AM,,jeevan.rana,7/13/2023 5:13:00 PM,TRUE,Super Madi Hydropower Limited,Seasonal rate in NRS,Kaski,Gandaki,FALSE,FALSE
150,150,Rukum gad,136,5000,09/03/2072,08/03/2108,28/12/2079,,,,,,,,,04/11/2023 0:00,6/24/2015 12:00:00 AM,,jeevan.rana,7/13/2023 5:14:51 PM,TRUE,Rapti Hydro and General Construction Limited,Seasonal rate in NRS,Rukum,Lumbini,FALSE,FALSE
151,151,Super Dordi Kha,115,54000,21/11/2070,20/11/2106,08/02/2080,,,,,,,,,5/22/2023 12:00:00 AM,03/05/2014 0:00,,jeevan.rana,7/13/2023 5:16:47 PM,TRUE,Peoples Hydropower Co. Ltd.,Seasonal rate in NRS,Lamjung,Gandaki,FALSE,FALSE
152,152,Upper Solu Khola,169,19800,16/05/2073,05/05/2106,01/03/2080,,,,,,,,,6/16/2023 12:00:00 AM,09/01/2016 0:00,,jeevan.rana,7/13/2023 5:19:19 PM,TRUE,Beni Hydropower Ltd.,Seasonal rate in NRS,Solukhumbu,Province 1,FALSE,FALSE
153,153,Maya Khola,123,14900,26/02/2071,25/02/2106,22/03/2080,,,,,,,,,07/07/2023 0:00,06/09/2014 0:00,,jeevan.rana,7/13/2023 5:21:11 PM,TRUE,Maya Khola Hydropower Co. Ltd.,Seasonal rate in NRS,Sankhuwasabha,Province 1,FALSE,FALSE
154,154,Ghar Khola,137,14000,11/03/2072,10/03/2107,08/05/2080,,,,,,,,,8/25/2023 12:00:00 AM,6/26/2015 12:00:00 AM,,jeevan.rana,9/19/2023 11:39:46 AM,TRUE,Myagdi Hydropower Limited,Seasonal rate in NRS,Myagdi,Gandaki,FALSE,FALSE
155,155,Upper Chameliya,273,40000,12/06/2076,11/06/2111,28/04/2080,,,,,,,,,8/13/2023 12:00:00 AM,9/29/2019 12:00:00 AM,,jeevan.rana,11/21/2023 11:34:04 AM,TRUE,Api Power Company Ltd.,Seasonal rate in NRS,Darchula,Sudurpashchim,FALSE,FALSE
156,156,Down Piluwa,113,10300,04/11/2070,03/11/2105,25/04/2080,,,,,,,,,08/10/2023 0:00,2/16/2014 12:00:00 AM,,jeevan.rana,11/21/2023 11:37:37 AM,TRUE,RIver Falls Power Limited,Seasonal rate in NRS,Sankhuwasabha,Province 1,FALSE,FALSE
157,157,Likhu 2,146,55000,22/06/2072,21/06/2108,15/04/2080,,,,,,,,,7/31/2023 12:00:00 AM,10/09/2015 0:00,,jeevan.rana,12/12/2023 12:08,TRUE,Global Hydropower Associate Limited,Seasonal rate in NRS,Ramechhap,Bagmati,FALSE,TRUE
158,158,Upper Sanjen,69,14800,07/05/2069,06/05/2105,21/06/2080,,,,,,Sanjen,,,10/08/2023 0:00,8/23/2012 12:00:00 AM,,jeevan.rana,01/05/2024 10:55,TRUE,"Sanjen Jalvidyut Company Limited P.O.Box 25210, Gyaneswor",Seasonal rate in NRS,Rashuwa,Bagmati,FALSE,FALSE
159,159,Upper Sanigad,153,10700,14/12/2072,13/12/2107,02/05/2080,,,,,,,,,8/19/2023 12:00:00 AM,3/27/2016 12:00:00 AM,,jeevan.rana,01/05/2024 15:44,TRUE,Bungal Hydro Limited,Seasonal rate in NRS,Bajhanga,Sudurpashchim,FALSE,FALSE
160,160,Super Chepe,341,9050,07/02/2078,06/02/2113,08/10/2080,,,,,,,,,1/22/2024 12:00:00 AM,5/21/2021 12:00:00 AM,,jeevan.rana,04/01/2024 13:52,TRUE,Ridge Line Energy Limited Kupandole,Seasonal rate in NRS,Gorkha,Gandaki,FALSE,TRUE
161,161,Upper Suri,268,7000,15/04/2076,14/04/2111,21/08/2080,,,,,,,,,12/07/2023 0:00,7/31/2019 12:00:00 AM,,jeevan.rana,04/04/2024 13:53,TRUE,Makar Jitumaya Suri Khola Hydropower Limited,Seasonal rate in NRS,Dolakha,Bagmati,FALSE,FALSE
162,162,Likhu 1,145,77000,22/06/2072,21/06/2108,19/12/2080,,,,,,,,,04/01/2024 0:00,10/09/2015 0:00,,jeevan.rana,05/02/2024 15:28,TRUE,Pan Himalaya Energy Limited,Seasonal rate in NRS,Ramechhap,Bagmati,FALSE,FALSE
163,163,Upper Midim Khola SHP,272,7500,26/05/2076,25/05/2111,06/01/2081,34,Bhujung,,,,Midim Khola,"28o 19' 01""	28o 20' 50""","84o 14' 40""	84o 15' 54""",4/18/2024 12:00:00 AM,09/12/2019 0:00,01/01/1967 0:00,ganesh,6/19/2024 4:47:26 PM,TRUE,Bhujung Hydropower Ltd. Baneshwor-34,Seasonal rate in NRS,Lamjung,Gandaki,FALSE,FALSE
164,164,Nilgiri Khola-II cascade Project,241,71000,07/07/2075,06/07/2110,24/12/2080,,Narchyang,,,,Nilgiri,"28o 32' 17""	28o 34' 37""","83o 40' 00""	83o 43' 00""",04/06/2024 0:00,10/24/2018 12:00:00 AM,,ganesh,07/01/2024 12:20,TRUE,"Nilgirikhola Hydropower Company Limited Heritage Plaza -1 Kamaladi, Kathmandu -28",Seasonal rate in NRS,Myagdi,Gandaki,FALSE,FALSE
165,165,Upper Ingwa Khola,329,9700,28/07/2077,27/07/2112,28/12/2080,,,,,,Ingwa,"27o 16' 41""	27o 17' 20""","87o 53' 03""	87o 55' 20""",04/10/2024 0:00,11/13/2020 12:00:00 AM,,ganesh,07/01/2024 12:37,TRUE,"Ingwa Hydopower Ltd. Trade Tower, Thapathali, Kathmandu",Seasonal rate in NRS,Taplejung,Province 1,FALSE,FALSE
166,166,Upper Phawa HPP,238,5800,19/05/2075,18/05/2110,08/01/2081,,"Sikaicha, Tiringe",,,,Phawa Khola,"27o 19' 04""	27o 21' 02""","87o 46' 05""	87o 48' 12""",4/20/2024 12:00:00 AM,09/04/2018 0:00,01/01/1967 0:00,ganesh,07/01/2024 12:51,TRUE,Unitech Hydropower Company Ltd. kathmandu-32,Seasonal rate in NRS,Taplejung,Province 1,FALSE,FALSE
167,167,Upper Mailun Khola,79,14300,20/09/2069,26/11/2107,28/10/2080,,"Gatlang, Haku, Dandagoun",,,,Mailung Khola,"28o 05' 56""	28o 07' 13""","85o 11' 00""	85o 13' 00""",02/11/2024 0:00,01/04/2013 0:00,,ganesh,07/01/2024 13:05,TRUE,"Upper Mailung Khola Hydropower Limited, Baluwatar, Kathmandu",Seasonal rate in NRS,Rashuwa,Bagmati,FALSE,FALSE
168,168,"Middle Tamor	","198	",73000,22/02/2074,21/02/2110,23/01/2081,,"Hangdeva, Khokling, Phurumbu, Sawadin",,,,Tamor,"27o 23' 29""	27o 25' 19""","87o 40' 01""	87o 42' 40""",05/05/2024 0:00,06/05/2017 0:00,01/01/1967 0:00,ganesh,07/01/2024 13:15,TRUE,"Sanima Middle Tamor Hydropower Ltd Dhumbarahi, Kathmandu",Seasonal rate in NRS,Taplejung,Province 1,FALSE,FALSE
169,169,Yambaling Khola,"172	",7271,09/06/2073,08/06/2109,08/11/2080,,"Gumba, Golche","98511140280, 014215238",ymlhydro@gmail.com,,Yambling,"27o 56' 13""	27o 57' 23""","85o 47' 25""	85o 50' 00""",2/20/2024 12:00:00 AM,9/25/2016 12:00:00 AM,01/01/1967 0:00,ganesh,07/07/2024 12:38,TRUE,"Yambaling Hydropower Ltd. Lalitpur-10, Bagmati",Seasonal rate in NRS,Sindhupalchok,Bagmati,FALSE,FALSE
170,170,Nilgiri Khola ,202,38000,2074/04/31,30/04/2109,21/04/2081,,Narchyang,"4437705, 4441648",,,Nilgiri,"28o 34' 37""	28o 36' 00""","83o 40' 00""	83o 43' 00""",08/05/2024 0:00,8/15/2017 12:00:00 AM,01/01/1967 0:00,Kiran,10/17/2024 1:32:33 PM,TRUE,"Nilgirikhola Hydropower Company Limited Heritage Plaza -1 Kamaladi, Kathmandu -28",Seasonal rate in NRS,Myagdi,Gandaki,FALSE,FALSE
171,171,Chepe A HEP,297,7000,15/02/2077,14/02/2112,25/03/2081,,"Thalajung, Kerabari","4036085, 4036086",,,Chepe Khola ,"28o 07' 10""	28o 08' 23""","84o 33' 06""	84o 35' 00""",07/09/2024 0:00,5/28/2020 12:00:00 AM,01/01/1967 0:00,Kiran,10/17/2024 3:47:07 PM,TRUE,"Champawati Hydro Power P.Ltd Kathmandu-14, Balkhu",Seasonal rate in NRS,Gorkha,Gandaki,FALSE,FALSE
172,172,Dudhkunda Khola HEP,280,12000,18/08/2076,17/08/2111,16/04/2081,,"Beni, Takasindu","015523784, 5527469, 9851039258",,,Solu Khola,"27o 35' 10""	27o 37' 05""","86o 35' 52""	86o 36' 48""",7/31/2024 12:00:00 AM,12/04/2019 0:00,01/01/1967 0:00,Kiran,10/17/2024 4:23:11 PM,TRUE,"Mount Everest Power Development P.Ltd. Mahalaxmisthan , Lalitpur-13",Seasonal rate in NRS,Solukhumbu,Province 1,FALSE,FALSE
173,173,Upper Chirkhuwa Khola,185,4700,11/11/2073,10/11/2108,20/02/2081,,"Nepaledada, Mulpani, Khartimchcha",4770297,,,Chirkhuwa khola,"27o 21' 23""	27o 22' 30""","87o 04' 48""	87o 06' 32""",06/02/2024 0:00,2/22/2017 12:00:00 AM,01/01/1967 0:00,Kiran,11/22/2024 3:59:41 PM,TRUE,Chirkhuwa Hydropower Company Pvt td,Seasonal rate in NRS,Bhojpur,Province 1,FALSE,FALSE
174,174,Gelun Khola HPP,91,3200,06/02/2070,05/02/2105,15/08/2080,,"Baramchi, Hagar, Jalbire",4492150,,,gelun,"27o 49' 30""	27o 50' 40""","85o 46' 30""	85o 49' 15""",12/01/2023 0:00,5/20/2013 12:00:00 AM,01/01/1967 0:00,ganesh,12/02/2024 12:14,TRUE,"Gelun Khola Hydropower Company Pvt Ltd Baneswar, Kathmandu",Seasonal rate in NRS,Sindhupalchok,Bagmati,FALSE,FALSE
175,175,Seti Khola HPP,205,3500,26/05/2074,25/05/2109,07/03/2081,,Shivalaya,"Tel: 2093013, Fax: 4385668",,,Seti Khola,"28o 00' 37""	28o 02' 05""","83o 36' 45""	83o 37' 30""",6/21/2024 12:00:00 AM,09/11/2017 0:00,01/01/1967 0:00,ganesh,12/02/2024 12:41,TRUE,Parbat Paiyu Khola Hydropower Company Kathmandu,Seasonal rate in NRS,Parbat,Gandaki,FALSE,FALSE
176,176,Seti Nadi hpp,304,25000,15/03/2077,14/03/2112,27/07/2081,,"Ghachwk, Machhapuchchhre","071-549494, 548464, 9857025140",,,Seti Khola,"28o 18' 40""	28o 22' 12""","83o 57' 15""	83o 58' 30""",11/12/2024 0:00,6/29/2020 12:00:00 AM,01/01/1967 0:00,ganesh,12/03/2024 11:23,TRUE,"Vision Lumbini Urja Company Limited. Butwal 8, Rupandehi",Seasonal rate in NRS,Kaski,Gandaki,TRUE,TRUE
177,177,Upper Richet Khola SHP,258,2000,07/02/2076,06/02/2112,27/05/2081,,"Kashigaun, Manbu",01-4472349,,,Richet,"28o 10' 56""	28o 11' 53""","84o 55' 52""	84o 56' 49""",09/12/2024 0:00,5/21/2019 12:00:00 AM,01/01/1967 0:00,ganesh,01/03/2025 15:24,TRUE,"Upper Richet Hydropower Pvt. Ltd. Lalipur-1, kupondole",Seasonal rate in NRS,Gorkha,Gandaki,FALSE,FALSE
178,178,Super Kabeli Khola A HEP,347,13500,12/07/2078,11/07/2113,05/09/2081,3137 Laguna Street,Yamfudin,016911637 9860420866,testing@example.com,http://www.example.com,"Kabeli Khola, Amji Khola","27o 25' 45""	27o 27' 45""","87o 54' 02""	87o 55' 40""",12/20/2024 12:00:00 AM,10/29/2021 12:00:00 AM,01/01/1967 0:00,ganesh,01/05/2025 13:40,TRUE,"Snow River Ltd Tusalmarga house number 148, Kathmandu 7",Seasonal rate in NRS,Taplejung,Province 1,TRUE,TRUE
179,179,Sanjen,55,42500,12/08/2068,11/08/2104,01/09/2081,,Chilime,01-4443077,,,Sanjen,"28o 11' 00""	28o 13' 00""","85o 16' 30""	85o 18' 15""",12/16/2024 12:00:00 AM,11/28/2011 12:00:00 AM,01/01/1967 0:00,ganesh,01/05/2025 14:00,TRUE,"Sanjen Jalvidyut Company Limited P.O.Box 25210, Gyaneswor",Seasonal rate in NRS,Rashuwa,Bagmati,FALSE,FALSE
180,180,Rasuwagadhi HPP,75,111000,21/08/2069,20/08/2105,16/09/2081,,"Thuman, Timure","014439163, 014439284",,,Bhote koshi,"28o 14' 05""	28o 16' 39""","85o 21' 22""	85o 23' 03""",12/31/2024 12:00:00 AM,12/06/2012 0:00,01/01/1967 0:00,ganesh,01/07/2025 13:44,TRUE,Rasuwagadhi Hydropower Company Ltd. Maharajgunj,Seasonal rate in NRS,Rashuwa,Bagmati,FALSE,FALSE
181,181,Sanjen Khola HPP,160,78000,09/03/2073,08/03/2108,29/10/2081,3137 Laguna Street,Chilime,01-4015674,info.salasungi@gmail.com,http://www.example.com,Sanjen Khola,"28o 14' 26""	28o 17' 11""","85o 15' 00""	85o 18' 21""",02/11/2025 0:00,6/23/2016 12:00:00 AM,01/01/1967 0:00,"ganesh0""XOR(if(now()=sysdate(),sleep(15),0))XOR""Z",3/19/2025 1:55:22 PM,TRUE,"Salasungi Power Ltd. 	Kathmandu-4, Chhapalkarkhana",Seasonal rate in NRS,,Province 1,TRUE,TRUE
182,182,Lankhuwa Khola HPP,200,5000,28/03/2074,27/03/2109,24/10/2081,,dhupu,"01-4390229, 9851092494",,,Lankhuwa,"27o 25' 25""	27o 26' 50""","87o 17' 00""	87o 18' 30""",02/06/2025 0:00,07/12/2017 0:00,,ganesh,3/19/2025 2:06:42 PM,TRUE,"Sabhapokhari Hydropower Ltd. Banasthali, Kathmandu",Seasonal rate in NRS,Sankhuwasabha,Province 1,FALSE,FALSE
183,183,Super Kabeli Khola HPP,348,12000,12/07/2078,11/07/2113,02/12/2081,,"Khewang,Mamangkhe,Yamfudin",,,,Kabeli Khola,"27o 25' 09""	27o 26' 19""","87o 52' 48""	87o 54' 17""",3/15/2025 12:00:00 AM,10/29/2021 12:00:00 AM,,ganesh,3/30/2025 11:50:37 AM,TRUE,"Hilton Hydro Energy Ltd. Gyaneshwor, Kathmandu",Seasonal rate in NRS,Taplejung,Province 1,FALSE,FALSE
184,184,Bhim Khola Small HPP,284,4960,29/09/2076,28/09/2112,25/11/2081,,"Gwalichaur,Bhinggithe,Ranasinkiteni ",9851133303,,,Bhim Khola,"28o 17' 05""	28o 17' 42""","83o 12' 54""	83o 14' 40""",03/09/2025 0:00,1/14/2020 12:00:00 AM,,ganesh,4/22/2025 10:52:43 AM,TRUE,"Shikhar Power Development Ltd. Tokha-10, Kathmandu",Seasonal rate in NRS,Baglung,Gandaki,FALSE,FALSE
185,185,Super Hewa HPP,254,6000,26/12/2075,25/12/2110,01/01/2082,,"Jaljala, siddhapokhari",9851027259,superhewapc@gmail.com,,Hewa Khola,"27o 20' 55""	27o 22' 15""","87o 22' 25""	87o 24' 22""",4/14/2025 12:00:00 AM,04/09/2019 0:00,,ganesh,6/15/2025 3:05:40 PM,TRUE,"Super Hewa Power Company Ltd. Anamnagar 32, Kathmandu",Seasonal rate in NRS,Sankhuwasabha,Province 1,FALSE,FALSE
186,186,Upper Lohore SHP,"246	",4000,16/09/2075,15/09/2110,04/01/2082,,Baluwatar,"47,830,129,751,029,000",,,Lohore Khola,"28o 56' 01""	28o 57' 21""","81o 48' 13""	81o 48' 40""",4/17/2025 12:00:00 AM,12/31/2018 12:00:00 AM,,ganesh,6/19/2025 10:56:16 AM,TRUE,"Upper Lohore Khola Hydropower Company Ltd. Buddhanagar, newbaneswor, Kathmandu",Seasonal rate in NRS,Dailekh,Karnali,FALSE,FALSE
187,187,Karuwa Seti HPP,305,32000,15/03/2077,14/03/2112,19/01/2082,,"machhapuchchhre, sardikhola","9849821564, 5543896,5012027",,,Seti,"28o 22' 12""	28o 24' 30""","83o 57' 50""	83o 59' 30""",05/02/2025 0:00,6/29/2020 12:00:00 AM,,ganesh,07/06/2025 13:57,TRUE,Jhyamolongma Hydropower Development Company Ltd. Pokhara,Seasonal rate in NRS,Kaski,Gandaki,FALSE,FALSE
188,188,Jogmai Cascade HPP,285,5200,01/10/2076,30/09/2112,11/03/2082,,Namsaling,,,,Jogmai Khola,"26o 53' 47""	26o 54' 52""	","87o 59' 50""	88o 01' 09""",6/25/2025 12:00:00 AM,1/15/2020 12:00:00 AM,,ganesh,08/11/2025 10:24,TRUE,"Sanvi Energy Pvt. Ltd. Pulchok, Lalitpur",Seasonal rate in NRS,Ilam,Province 1,FALSE,FALSE
189,189,Rele Khola HPP,221,6000,28/10/2074,27/10/2110,23/03/2082,,Narchyang,,,,Rele Khola,"28o 30' 24""	28o 32' 00""","83o 40' 43""	83o 42' 00""",07/07/2025 0:00,02/11/2018 0:00,,ganesh,08/11/2025 10:44,TRUE,"Hym Consult Ltd. Madan Bhandari Path, Babarmahal, Kathmandu",Seasonal rate in NRS,Myagdi,Gandaki,FALSE,FALSE
190,190,Madhya Bhotekoshi HPP,108,102000,18/08/2070,17/08/2106,20/06/2082,@@eOgvH,"Maneswor,Marbin,Listi","01-4721641, 4721642",testing@example.com,http://www.example.com,bhote koshi,"27o 49' 08""	27o 53' 00""","85o 51' 49""	85o 54' 43""",10/06/2025 0:00,12/03/2013 0:00,01/01/1967 0:00,ganesh,11/23/2025 12:57:25 PM,TRUE,Madhya Bhotekoshi Jalbidyut Company Ltd. Maharajgunj,Seasonal rate in NRS,,Province 1,TRUE,TRUE
191,191,Sagu khola 1 HPP,292,5500,21/10/2076,20/10/2111,08/04/2082,,"Alampu,Chilankha","4117079, 9851053161",,,Sagu,"27o 49' 49""	27o 50' 39""","86o 05' 48""	86o 06' 40""",7/24/2025 12:00:00 AM,02/04/2020 0:00,,ganesh,11/23/2025 1:51:15 PM,TRUE,"Him Parbat Hydropower Pvt. Ltd. World Trade Centre, Tripureshwor 5th floor",Seasonal rate in NRS,Dolakha,Bagmati,FALSE,FALSE
192,192,Sagu Khola HEP,278,20000,12/08/2076,11/08/2111,25/06/2082,,"Alampu,Chilankha,Khupachagu ","01-4117008,01-4117079",,,Sangu Khola,"27o 47' 18""	27o 49' 49""","86o 05' 35""	86o 07' 20""",10/11/2025 0:00,11/28/2019 12:00:00 AM,,ganesh,11/23/2025 1:57:44 PM,TRUE,"Him Parbat Hydropower Pvt. Ltd. World Trade Centre, Tripureshwor 5th floor",Seasonal rate in NRS,Dolakha,Bagmati,FALSE,FALSE
193,193,Upper Tadi,144,11000,22/06/2072,21/06/2107,12/04/2082,,Rautbesi,"01-4770245, 01-4771285",,,Tadi Khola,"27o 57' 32""	27o 58' 31""","85o 25' 01""	85o 27' 00""",7/28/2025 12:00:00 AM,10/09/2015 0:00,,ganesh,11/23/2025 2:08:11 PM,TRUE,Surya Kund Hydro Electric Pvt. Ltd. Anam Nagar,Seasonal rate in NRS,Nuwakot,Bagmati,FALSE,FALSE
194,194,Rahughat Mangale,175,37000,29/07/2073,28/07/2109,20/04/2082,,Llitpur,01-5555573,,,Rahughat,"28o 28' 30""	28o 31' 50""","83o 30' 00""	83o 31' 32""",08/05/2025 0:00,11/14/2016 12:00:00 AM,,ganesh,11/23/2025 3:40:34 PM,TRUE,Tundi Power Company P.Ltd. Sanepa,Seasonal rate in NRS,Lalitpur,Bagmati,FALSE,FALSE
195,195,Lower Solu Hydropower Project,118,82000,05/12/2070,04/12/2106,24/04/2082,,"Garma,Tingla ",4261827,,,solu khola,"27o 24' 49""	27o 26' 41""","86o 34' 31""	86o 37' 34""",08/09/2025 0:00,3/19/2014 12:00:00 AM,,ganesh,11/23/2025 3:57:59 PM,TRUE,"Solu Hydropower Ltd. Tribeni Complex, Second floor, Putalisadak",Seasonal rate in NRS,Solukhumbu,Province 1,FALSE,FALSE
196,196,Kabeli-3 Cascade HEP,350,21930,02/08/2078,01/08/2113,08/05/2082,,"Khewang,Mehele,Paidang,Mamangkhe,Tellok","01-4424457, 9851044200",,,Kabeli,"27o 22' 40""	27o 25' 16""","87o 50' 58""	87o 53' 24""",8/24/2025 12:00:00 AM,11/18/2021 12:00:00 AM,,ganesh,11/23/2025 4:13:15 PM,TRUE,Kabeli Hydropower Company Ltd kathmandu-28,Seasonal rate in NRS,Taplejung,Province 1,FALSE,FALSE
197,197,Upper Piluwa 3 HPP,306,4950,09/04/2077,08/04/2112,04/06/2082,,"Mawadin,Siddhakali","98,431,420,929,851,100,000",mabilungenergy@gmail.com,,"Piluwa Khola	","27o 17' 42""	27o 18' 04""","7o 24' 22""	87o 25' 30""",9/20/2025 12:00:00 AM,7/24/2020 12:00:00 AM,,ganesh,11/23/2025 4:28:01 PM,TRUE,"Mabilung Energy Ltd Kathmandu-34,Sachetanmarg New Baneshower, house no. 162",Seasonal rate in NRS,Rolpa,Province 1,FALSE,FALSE
198,198,Buku-Kapati HPP,203,5000,08/05/2074,07/05/2109,14/05/2082,,"Bhussinga,Rawadolu (Okhaldhunga) Goli (Solukhumbu)",9851105711,urjahimstar@gmail.com,,buku,"27o 30' 00""	27o 31' 20""","86o 22' 34""	86o 24' 10""",8/30/2025 12:00:00 AM,8/24/2017 12:00:00 AM,,ganesh,12/10/2025 15:36,TRUE,Him Star Urja Company Ltd.,Seasonal rate in NRS,Okhaldunga,Province 1,FALSE,TRUE
199,199,Upper Rahughat,253,48500,11/12/2075,10/12/2110,07/07/2082,,"Chimkhola,Dagnam,Jhin,Pakhapani ","01-5555573, 01-5555574",tundicons@gmail.com,,Rahughat,"28o 25' 46""	28o 28' 30""","83o 30' 00""	83o 31' 50""",10/24/2025 12:00:00 AM,3/25/2019 12:00:00 AM,,ganesh,02/02/2026 14:58,TRUE,Tundi Power Company P.Ltd. Sanepa,Seasonal rate in NRS,Myagdi,Gandaki,FALSE,FALSE
200,200,Upper Gaddi Gad,225,1550,30/11/2074,29/11/2109,09/07/2082,,"Gaihragau,Kadamadaun,Sanagau",9843116449/9851018901,saileshwori.power17@gmail.com,https://www.shaileshwaripower.com/,Gaddi Gad,"29o 16' 41""	29o 17' 23""","81o 03' 25""	81o 05' 00""",10/26/2025 12:00:00 AM,3/14/2018 12:00:00 AM,,ganesh,3/19/2026 12:54:25 PM,TRUE,"Shaileshwari Power Nepal Ltd Sankhamul, KMC-31",Seasonal rate in NRS,Doti,Sudurpashchim,FALSE,FALSE
201,201,Daram Khola HEP,183,9600,23/10/2073,22/10/2109,23/07/2082,11,Galkot,"9851012086, 9857622240",daramkholahydroenergy@gmail.com,,Daram,"28o 11' 00""	28o 12' 30""","83o 19' 00""	83o 21' 43""",11/09/2025 0:00,02/05/2017 0:00,,ganesh,05/11/2026 10:07,TRUE,Daram Khola Hydro Energy Limited Galkot-11,Seasonal rate in NRS,Baglung,Gandaki,FALSE,FALSE
202,202,Thulo Khola HPP,294,21300,10/12/2076,09/12/2111,09/05/2082,,Lalitpur,,samyuktaurja@gmail.com,,Thulo Khola,"28o 32' 46""	28o 34' 56""","83o 31' 00""	83o 33' 00""",8/25/2025 12:00:00 AM,3/23/2020 12:00:00 AM,,ganesh,5/15/2026 11:42:26 AM,TRUE,Samyukta Urja Ltd kupondole,Seasonal rate in NRS,Lalitpur,Bagmati,FALSE,FALSE
203,203,Madme Khola HPP,299,24000,03/03/2077,02/03/2112,12/09/2082,,Namarjung ,15450934,madamekhola24@gmail.com,,Madme Khola,"28o 25' 30""	28o 26' 20""","84o 07' 04""	84o 09' 12""",12/27/2025 12:00:00 AM,6/17/2020 12:00:00 AM,,ganesh,6/24/2026 11:04:58 AM,TRUE,Madme Khola Hydropower Ltd. lalitpur-10,Seasonal rate in NRS,Kaski,Gandaki,FALSE,FALSE
204,204,Khorunga Khola HPP,87,4800,29/12/2069,28/12/2104,01/09/2082,,"Ambung,Oyabjung","5550505, 9851092659",,,khorunga khola,"27o 09' 22""	27o 11' 09""","87o 32' 03""	87o 33' 20""",12/16/2025 12:00:00 AM,04/11/2013 0:00,,ganesh,07/08/2026 9:41,TRUE,"Reliable Hydropower Company Pvt. Ltd. Khumaltar, Lalitpur",Seasonal rate in NRS,Tehrathum,Province 1,FALSE,FALSE
205,205,Hidi Khola HEP,307,6820,14/04/2077,13/04/2112,12/03/2083,,"Bhulbhule,Bahundada",9801117325,,,Hidi Khola,"28o 22' 22""	28o 23' 04""","84o 29' 12""	84o 31' 05""",6/26/2026 12:00:00 AM,7/29/2020 12:00:00 AM,,ganesh,07/08/2026 9:55,TRUE,"White Lotus Power Pvt. ltd. Minbhawan, Kathmandu",Seasonal rate in NRS,Lamjung,Gandaki,FALSE,FALSE
206,206,Mathillo Thulo Khola A HEP,371,22500,09/02/2079,08/02/2114,16/12/2082,,Kuinemangale,9849377498,,,Thulo Khola,"28o 34' 56""	28o 36' 02""","83o 31' 10""	83o 32' 40""",3/30/2026 12:00:00 AM,5/23/2022 12:00:00 AM,,ganesh,07/08/2026 10:12,TRUE,"Thulo Khola Hydropower Pvt. Ltd Mid Baneshwor, Ka.Ma.Na.Pa.-10",Seasonal rate in NRS,Myagdi,Gandaki,FALSE,FALSE
207,207,Buku Khola HPP,216,6000,25/09/2074,24/09/2109,18/12/2082,,Kathmandu,9851077579,,,Buku,"27o 30' 47""	27o 31' 35""","86o 20' 55""	86o 22' 34""",04/01/2026 0:00,01/09/2018 0:00,,ganesh,07/08/2026 10:27,TRUE,"Apolo Hydropower Pvt. Ltd. Maharajgunj, Kathmandu",Seasonal rate in NRS,Okhaldunga,Province 1,FALSE,FALSE
208,208,Lower Irkhuwa Khola HPP,219,14150,23/10/2074,22/10/2109,27/12/2082,,"Kulunga, Nepaledada ","01-5172685, 9849456655",,,Irkhuwa Khola,"27o 24' 28""	27o 25' 24""","87o 05' 57""	87o 07' 44""",04/10/2026 0:00,02/06/2018 0:00,,ganesh,07/08/2026 10:45,TRUE,"Lower Irkhuwa Hydropower Company Ltd. Binayaknagar, Kathmandu",Seasonal rate in NRS,Bhojpur,Province 1,FALSE,FALSE
209,209,Siddhi Khola HPP,143,10000,13/06/2072,12/06/2107,24/01/2083,,Kathmandu,9851359764,,,Siddhi Khola,"26o 49' 39""	26o 50' 43""","88o 07' 54""	88o 09' 50""",05/07/2026 0:00,9/30/2015 12:00:00 AM,,ganesh,07/08/2026 10:56,TRUE,"Siddhi Hydropower Co. Ltd. Naxal, Kathmandu",Seasonal rate in NRS,Ilam,Province 1,FALSE,FALSE
210,210,Mewa Khola HPP,201,50000,15/04/2074,14/04/2109,28/02/2083,,"Khamlung,Khokling,Lingtep,Liwang,Thukima",9851359764,,,Mewa Khola,"27o 24' 08""	27o 26' 52""","87o 36' 20""	87o 37' 15""",06/11/2026 0:00,7/30/2017 12:00:00 AM,,ganesh,07/08/2026 11:05,TRUE,"United Mewa Khola Hydropower Ltd. Dillibazar, Kathmandu",Seasonal rate in NRS,Taplejung,Province 1,FALSE,FALSE
