Symbol,Sector,Ticker,Company,Latest Report,Latest Close,180 Day Avg,Day's Price Change,1 Wk Price Chg %,4 Wk Price Chg %,12 Wk Price Chg %,YTD Price Chg %,1 Year Price Chg %,Market Cap,Paidup Capital,Reserves & Surplus,Revenue,Gross Profit,Net Income,Distributable Profit,Gross Margin MRQ %,SG&A Margin MRQ %,EBITDA Margin MRQ %,EBIT Margin MRQ %,Net Profit Margin MRQ %,Gross Margin TTM %,SG&A Margin TTM %,EBITDA Margin TTM %,EBIT Margin TTM %,Net Profit Margin TTM %,ROE (F) %,ROE (MRQ) %,ROE (TTM) %,ROA (F) %,ROA (MRQ) %,ROA (TTM)%,EPS (F),EPS (MRQ),EPS (TTM),EPS (D),Bookvalue,PE (D),PE (F),PE (MRQ),PE (TTM),PBV,Current Ratio,Quick Ratio,Debt to Asset,Equity Multiplier,Beta Weekly,Beta Monthly,VaR 1 Week @ 5%,VaR 1 Week @ 1%,VaR 1 Month @ 5%,VaR 1 Month @ 1%,"S.D of Returns [Wk, 1Y]%","Mean Returns [Wk, 1Y]%","Estimated Risk Return Trade Off [Wk, 1Y]%","Historical Probability of Current Returns [Wk, 1Y]%",RSI,Relative Strength %,50 day MA vs 200 day MA %,Price Vs 52 Week High %,MACD Crossover
AHL,Hydro Power,AHL,Asian Hydropower Limited,2025/26 Q4,376.1,464.3648,7.4,0.0447,-0.0782,-0.208,-0.3074,-0.3784,1278740000.0,340000.0,-107326.744,81461.844,60172.498,-59183.629,0.0,1.017723,-0.005082,1.022805,0.624591,-0.33709,0.738659,0.118002,0.620657,0.040012,-0.72652,-0.249042,-0.167361,-0.220774,-0.054887,-0.036885,-0.053174,-17.40695,-11.697819,-17.40695,-17.40695,68.4333,-21.606313,-21.606313,-32.151293,-21.606313,5.495862,0.294047,0.276065,1.036897,4.638363,0.9349,1.0855,-0.0217,-0.031,-0.1425,-0.2024,0.0441,-0.0115,-3.834783,0.104927,43.5837,-0.186775,-0.1963,-0.4441,-0.474142
AHPC,Hydro Power,AHPC,Arun Valley Hydropower Development,2025/26 Q4,273.0,274.7934,-6.0,0.0778,0.05,0.0183,0.0476,0.0166,10505048190.0,4040403.15,392135.805,287047.957,240411.699,137892.444,0.0,0.67823,0.084951,0.665719,0.246551,0.072622,0.837531,0.033357,0.962553,0.62496,0.480381,0.030967,0.003779,0.031303,0.029341,0.003581,0.029614,3.412839,0.416493,3.412839,3.412839,109.7054,79.992061,79.992061,655.472753,79.992061,2.488484,50.390441,26.035356,0.061669,1.055249,1.3549,1.4137,-0.0181,-0.0258,-0.1668,-0.2365,0.033,-0.0003,-110.0,0.01134,67.7582,0.024755,-0.0376,-0.1385,2.656277
AKJCL,Hydro Power,AKJCL,Ankhu Khola Jalvidhyut Company Ltd.,2025/26 Q4,353.0,374.2139,-8.0,0.0364,0.0112,-0.0421,0.829,0.845,7060000000.0,2000000.0,-126268.718,224292.684,188284.163,63595.21,0.0,0.884798,0.076694,0.95665,0.741456,0.487512,0.839457,0.046312,0.827525,0.510861,0.283537,0.034171,0.054289,0.034466,0.025308,0.040207,0.025052,3.17976,5.05185,3.179761,3.17976,93.6866,111.01465,111.01465,69.875392,111.01465,3.767883,21.573656,9.247125,0.271823,1.343949,1.2028,1.2865,-0.0176,-0.0251,-0.1751,-0.253,0.0612,0.0112,5.464286,0.343856,53.1984,-0.048736,0.0821,-0.1977,1.542589
AKPL,Hydro Power,AKPL,Arun Kabeli Power Ltd.,2025/26 Q4,260.0,264.904,-9.0,0.04,0.0442,0.0019,0.0578,0.029,10129449460.0,3895942.1,68964.418,613304.193,536557.716,79681.696,0.0,0.77628,0.068088,0.375656,-0.113591,-0.557283,0.874864,0.031478,0.864879,0.500457,0.129922,0.019936,-0.064147,0.020058,0.011687,-0.037607,0.012024,2.045248,-6.581038,2.045248,2.045248,101.7702,127.123919,127.123919,-39.507446,127.123919,2.554776,4.329029,0.427414,0.496969,1.700913,1.3515,1.1726,-0.0186,-0.0265,-0.1427,-0.2012,0.0308,-0.0001,-308.0,0.100982,63.1127,0.005887,-0.0295,-0.1613,2.340109
APHL,Hydro Power,APHL,Appolo Hydropower Limited,2025/26 Q4,715.0,780.7478,-16.0,0.0362,-0.0472,-0.1657,0.0,0.0,3360500000.0,470000.0,11345.975,32523.394,16718.812,-19365.846,0.0,0.564229,0.593406,-0.016014,-0.016014,-0.493193,0.514055,0.629259,-0.049542,-0.049542,-0.595444,-0.045834,-0.133139,0.0,-0.014071,-0.040873,0.0,-4.120393,-11.969056,-4.120393,-4.120393,102.414,-173.527147,-173.527147,-59.737375,-173.527147,6.981465,0.5109,0.482928,0.776883,2.913508,0.6817,0.0,-0.0505,-0.0746,-0.5423,-0.8758,0.1103,0.0132,8.356061,0.419535,48.5871,-0.07768,0.0,0.0,6.733224
API,Hydro Power,API,Api Power,2025/26 Q4,343.9,340.3434,-6.1,0.0453,0.0421,0.0145,0.2293,0.2581,20895115704.2,6379724.199,1244503.233,1766558.361,1527791.42,960605.093,0.0,0.860184,0.015927,1.257274,1.028783,0.653562,0.864841,0.017456,1.123218,0.88297,0.543772,0.128238,0.161296,0.133989,0.069934,0.087961,0.072949,15.057157,18.938653,15.057157,15.057157,119.5072,22.839637,22.839637,18.15863,22.839637,2.877652,2.728095,0.406144,0.576457,1.817632,1.2642,1.4844,-0.0169,-0.0241,-0.1587,-0.2279,0.0269,0.0042,6.404762,0.068019,65.1695,0.030311,0.0357,-0.0557,2.140215
BARUN,Hydro Power,BARUN,Barun Hydropower,2025/26 Q4,332.0,336.6877,-3.1,0.0641,0.0473,0.0061,0.0577,0.1024,3557811600.0,1122532.425,55153.43,109238.005,90330.625,23367.215,0.0,0.758156,0.017863,0.717265,0.469866,0.189347,0.826916,0.077998,0.742231,0.463854,0.213911,0.019283,0.02117,0.021629,0.016221,0.017809,0.017698,2.081652,2.285323,2.081652,2.081652,108.1877,159.488735,159.488735,145.274842,159.488735,3.068742,19.412222,6.649799,0.191519,1.185035,1.0947,0.7974,-0.0173,-0.0248,-0.1207,-0.1745,0.0364,0.0009,40.444444,0.046351,65.288,0.018767,-0.0535,-0.1552,2.525352
BEDC,Hydro Power,BEDC,Bhugol Energy Development Company Limited,2025/26 Q4,309.9,364.6893,-9.1,0.0798,-0.0115,-0.1171,-0.425,-0.503,1686021486.6,544053.4,-292261.539,62444.81,57689.313,-9227.586,0.0,1.11565,0.24422,0.871438,0.376731,-0.670245,0.923845,0.080842,0.843005,0.43079,-0.147772,-0.036024,-0.136157,-0.035202,-0.01197,-0.045241,-0.011879,-1.696081,-6.410529,-1.696081,-1.696081,46.2807,-182.715337,-182.715337,-48.342346,-182.715337,6.696092,4.949991,4.949991,0.733403,3.057255,1.1508,0.9359,-0.0266,-0.0379,-0.1943,-0.2786,0.0523,-0.0159,-3.289308,0.038159,56.6637,-0.127365,-0.2818,-0.5672,2.895525
BGWT,Hydro Power,BGWT,Bhagawati Hydropower Development Company Limited,2025/26 Q4,505.0,628.2033,-16.0,0.0654,0.01,-0.2102,-0.3399,-0.3435,3004483865.0,678239.9,90238.3,154099.599,129160.118,61090.054,0.0,0.718871,0.096498,0.622655,0.307738,0.173612,0.83816,0.127417,0.710828,0.518951,0.396432,0.079719,0.022548,0.081527,0.063847,0.018059,0.065469,9.007145,2.547628,9.007145,9.007145,113.3048,56.066598,56.066598,198.223575,56.066598,4.457005,15.367305,3.361581,0.226926,1.245941,0.6572,0.7755,-0.0197,-0.0281,-0.1652,-0.2408,0.0395,-0.0083,-4.759036,0.034747,49.0839,-0.199277,-0.2128,-0.41,5.51852
BHCL,Hydro Power,BHCL,Bikash Hydropower Company Limited,2025/26 Q4,530.0,537.8852,-19.0,-0.0238,-0.0399,0.0057,0.0655,0.1549,4818236890.0,909101.3,113936.356,190898.905,176672.415,98272.481,0.0,0.903128,0.130649,0.772498,0.610616,0.515349,0.925476,0.096647,0.829493,0.644939,0.514788,0.097312,0.107695,0.0,0.081149,0.089807,0.0807,10.809849,11.963193,10.809849,10.809849,112.5329,49.02936,49.02936,44.302555,49.02936,4.709736,6.540065,2.136917,0.144864,1.137473,1.4331,1.3453,-0.0245,-0.0353,-0.1327,-0.1946,0.0562,0.0032,17.5625,0.685802,50.2666,0.01172,-0.0504,-0.2078,-3.914411
BHDC,Hydro Power,BHDC,Bindhyabasini Hydropower Development Company Limited,2025/26 Q4,433.7,450.6844,3.7,0.0277,0.0224,-0.0306,-0.0466,-0.1894,4899942600.0,1186290.0,217273.886,455635.112,444964.27,139841.024,0.0,0.976177,0.187766,0.829732,0.564526,0.216378,0.97658,0.168884,0.817099,0.585387,0.306915,0.100005,0.063462,0.103699,0.0478,0.030333,0.049012,11.788098,7.480561,11.788098,11.788098,118.3154,36.791348,36.791348,57.976932,36.791348,3.665626,4.23499,2.688158,0.596319,2.138263,1.0865,0.8847,-0.0214,-0.0306,-0.1441,-0.2065,0.0321,-0.0051,-6.294118,0.156404,57.7053,-0.018484,-0.0669,-0.2481,2.025403
BHL,Hydro Power,BHL,Balephi Hydropower Limited,2025/26 Q4,216.0,216.8918,-5.5,0.0746,0.0405,0.0117,0.2196,0.1733,7896830400.0,3655940.0,-686410.809,1153198.486,1050128.229,289106.764,0.0,0.888177,0.199691,0.762646,0.495299,0.194598,0.910622,0.079678,0.912308,0.644889,0.2507,0.098129,0.072565,0.100188,0.033796,0.024992,0.033836,7.907864,5.847793,7.907864,7.907864,81.2248,27.314582,27.314582,36.937014,27.314582,2.659287,5.170548,1.718763,0.679646,2.890503,1.0197,0.8484,-0.021,-0.03,-0.1503,-0.2172,0.0384,0.0016,24.0,0.033377,65.2102,0.029406,0.0054,-0.1618,2.032156
BHPL,Hydro Power,BHPL,Barahi Hydropower Public Limited,2025/26 Q4,470.0,512.6672,-12.8,0.088,-0.0188,-0.0911,-0.0891,-0.3001,1175000000.0,250000.0,-124917.559,28215.464,26261.731,-742.2,0.0,0.933242,-0.330046,1.725092,0.753424,0.080485,0.930757,0.079165,0.924096,0.501233,-0.026305,-0.005934,0.01138,-0.005785,-0.002422,0.004645,-0.002325,-0.29688,0.569328,-0.29688,-0.29688,50.033,-1583.131231,-1583.131231,825.534665,-1583.131231,9.393805,1.155911,1.040834,0.786705,2.360134,0.901,0.4358,-0.0266,-0.0378,-0.2488,-0.3609,0.0437,-0.0083,-5.26506,0.017046,52.5798,-0.075724,-0.1224,-0.3816,1.43876
BJHL,Hydro Power,BJHL,Bhujung Hydropower Limited,2025/26 Q4,664.9,816.6868,-17.1,0.0182,-0.0688,-0.1913,0.0,0.0,6649000000.0,1000000.0,-110505.366,170084.202,131337.167,-25992.364,0.0,0.607952,-0.12275,0.730702,0.384899,-0.033997,0.772189,0.053373,0.718817,0.350666,-0.152821,-0.029243,-0.007036,0.0,-0.01441,-0.003467,0.0,-2.599236,-0.625409,-2.599236,-2.599236,88.9495,-255.805897,-255.805897,-1063.143938,-255.805897,7.475031,2.570409,2.570409,0.52257,2.006437,2.39,-3.3106,-0.0427,-0.0626,-0.3695,-0.5262,0.1623,0.0246,6.597561,0.515973,44.4299,-0.202106,0.0,0.0,2.278333
BNHC,Hydro Power,BNHC,Buddha Bhumi Nepal Hydropower Company Limited,2025/26 Q4,279.0,313.7992,-10.0,0.0576,-0.0036,-0.1381,0.0353,-0.037,1116000000.0,801690.4,3059.035,185017.463,172928.803,11953.739,0.0,0.875199,0.259449,0.622452,0.082355,-0.295087,0.934662,0.129089,0.807865,0.491621,0.064609,0.020936,-0.079788,0.0284,0.008619,-0.032846,0.009243,1.491067,-5.68255,1.491067,1.44612,100.3816,192.930061,187.114359,-49.097678,187.114359,2.779395,7.620546,7.620546,0.50737,1.918285,0.9796,0.5594,-0.0224,-0.032,-0.1428,-0.202,0.0479,-0.0014,-34.214286,0.115394,55.5587,-0.116784,-0.0846,-0.2658,2.078367
BPCL,Hydro Power,BPCL,Butwal Power,2025/26 Q4,673.9,673.9303,-12.1,0.0448,0.0563,0.0119,-0.0956,-0.1509,22973686339.4,3409065.0,3987618.0,801615.0,359859.0,335442.0,0.0,0.245519,0.216991,0.264131,0.264131,0.201916,0.448917,0.200072,0.526432,0.526432,0.418458,0.045575,0.019632,0.045873,0.045349,0.019535,0.04561,9.839707,4.238699,9.839707,9.839707,216.971,68.487813,68.487813,158.987467,68.487813,3.105945,13.456897,2.557039,0.063834,1.004685,1.1929,1.0958,-0.0185,-0.0263,-0.1538,-0.2218,0.0358,-0.0031,-11.548387,0.095088,62.9665,0.029077,-0.0644,-0.1639,3.454855
BUNGAL,Hydro Power,BUNGAL,Bungal Hydro Limited ,2025/26 Q4,538.0,626.3369,-11.0,0.0228,-0.0956,-0.2186,-0.1327,0.0,4465400000.0,830000.0,-154217.326,282478.447,258035.753,-31869.768,0.0,0.704921,0.060688,0.644233,0.051069,-0.588605,0.913471,0.081697,0.831774,0.412123,-0.112822,-0.046235,-0.156563,0.0,-0.011746,-0.039773,0.0,-3.839731,-13.002299,-3.839731,-3.839731,81.4196,-140.113979,-140.113979,-41.377299,-140.113979,6.607746,0.212706,0.212706,0.852753,3.990041,1.7754,2.5586,-0.0364,-0.0524,-0.2572,-0.3844,0.0937,0.0088,10.647727,0.441456,44.0487,-0.369389,-0.0725,0.0,1.623934
CHCL,Hydro Power,CHCL,Chilime Hydropower,2025/26 Q4,360.1,475.0197,-14.9,-0.0246,-0.2498,-0.2575,-0.2355,-0.2119,31625413037.4,9484988.68,2267245.51,1167632.06,912434.69,720059.19,0.0,0.704826,-0.042265,0.783457,0.731269,0.764794,0.78144,0.0658,0.739494,0.666652,0.616683,0.061995,0.090597,0.062296,0.060373,0.088226,0.060697,7.591566,11.093913,7.591566,7.591566,123.9035,47.434218,47.434218,32.459242,47.434218,2.906294,82.634787,24.6244,0.036034,1.026625,0.9671,1.0806,-0.0141,-0.02,-0.1174,-0.1675,0.039,-0.0049,-7.959184,0.696858,23.3316,-0.231237,-0.0286,-0.2994,-4.817255
CHL,Hydro Power,CHL,Chhyangdi Hydropower Ltd.,2025/26 Q4,266.0,279.2492,-7.0,0.0619,0.0118,-0.0256,0.0362,0.0949,2058720300.0,773955.0,-194522.977,176038.941,137044.305,13317.651,0.0,0.651182,0.192054,0.459127,0.116828,-0.152132,0.778489,0.104957,0.67357,0.397153,0.075652,0.020317,-0.033978,0.023517,0.010336,-0.017286,0.010812,1.720727,-2.877693,1.720727,1.720727,84.2928,154.585843,154.585843,-92.435159,154.585843,3.155667,2.076102,2.027937,0.524594,1.962258,1.2474,0.9908,-0.0192,-0.0274,-0.1337,-0.1893,0.043,0.0002,215.0,0.082159,57.0698,-0.025245,-0.0531,-0.184,1.101522
CKHL,Hydro Power,CKHL,Chirkhwa Hydropower Limited,2025/26 Q4,605.0,639.818,-14.0,0.0237,0.01,-0.0545,-0.0902,-0.0482,2420000000.0,400000.0,778.987,131416.52,112794.704,53005.442,0.0,0.853213,0.027222,0.825991,1.705379,1.325672,0.858299,0.051621,0.806678,0.756072,0.403339,0.139221,0.421318,0.141427,0.049519,0.149856,0.049651,13.251361,40.101926,13.251361,13.251361,100.1947,45.655689,45.655689,15.086557,45.655689,6.038241,0.826715,0.826198,0.72092,2.718396,0.8252,0.5903,-0.0193,-0.0278,-0.1115,-0.1607,0.0434,-0.0016,-27.125,0.282295,55.0883,-0.032877,-0.0926,-0.2183,3.25031
DHEL,Hydro Power,DHEL,Daramkhola Hydro Energy Limited,2025/26 Q4,575.0,610.3525,-23.0,-0.0035,-0.0336,-0.053,-0.0169,0.0,5925375000.0,1030500.0,186913.219,113974.055,66336.627,-101817.068,0.0,-0.544757,0.103455,-0.648212,-1.321177,-2.466451,0.582033,0.063278,0.520259,-0.113205,-0.893335,-0.080277,-0.215505,0.0,-0.037794,-0.101458,0.0,-9.880356,-26.523939,-9.880356,-9.880356,118.1381,-58.196284,-58.196284,-21.67853,-58.196284,4.867185,0.44956,0.44956,0.630574,2.172584,1.3696,1.7368,-0.0235,-0.0337,-0.1473,-0.214,0.0644,0.0001,644.0,0.52229,50.6139,-0.050808,-0.0746,0.0,0.449135
DHPL,Hydro Power,DHPL,Dibyashwori Hydropower Ltd.,2025/26 Q4,278.1,295.5361,-9.9,0.0224,-0.0173,-0.041,-0.0463,-0.0195,734184000.0,264000.0,-241875.779,104418.841,99202.395,14555.044,0.0,0.956502,0.095131,0.861371,0.582776,0.284361,0.950043,0.103167,0.846876,0.527343,0.139391,0.820513,1.977693,0.882706,0.024469,0.058979,0.024113,5.513274,13.288711,5.513274,5.513274,8.3804,50.441895,50.441895,20.927538,50.441895,33.184626,0.230535,0.230535,1.229409,26.918179,1.5746,1.0834,-0.0235,-0.0335,-0.151,-0.2129,0.0376,-0.0017,-22.117647,0.262506,50.3827,-0.047936,-0.0485,-0.1821,1.384865
DOLTI,Hydro Power,DOLTI,Dolti Power Company Limited,2025/26 Q4,311.9,362.6172,-10.1,0.1139,-0.0035,-0.1164,-0.386,-0.4148,1673299834.0,549986.0,-220685.815,102334.15,96163.691,4768.636,0.0,1.17066,0.263328,0.907332,0.597654,0.05892,0.939703,0.091315,0.848388,0.518147,0.046599,0.014824,0.017798,0.014856,0.00516,0.006195,0.005081,0.867047,1.040981,0.867047,0.867047,59.8743,359.726835,359.726835,299.621106,359.726835,5.209248,1.114793,1.114793,0.779517,2.82534,1.1725,1.0439,-0.0263,-0.0375,-0.1924,-0.2753,0.0506,-0.0111,-4.558559,0.009342,56.7533,-0.116016,-0.2602,-0.4604,3.425552
DORDI,Hydro Power,DORDI,Dordi Khola Jal Bidyut Company Limited,2025/26 Q4,257.0,266.7295,-6.0,0.0708,0.0401,-0.0046,0.0098,0.0855,5418898456.0,2108520.8,132799.46,274553.097,231428.807,29972.812,0.0,0.799183,0.086833,0.799238,0.378846,0.245326,0.842929,0.100533,0.82263,0.401399,0.109169,0.013423,0.030187,0.013508,0.008045,0.018091,0.008368,1.421509,3.196724,1.421509,1.421509,106.2982,180.793796,180.793796,80.394793,180.793796,2.417726,3.475016,1.805993,0.537626,1.695887,1.0682,0.7352,-0.0195,-0.0278,-0.144,-0.2067,0.0423,0.0015,28.2,0.056875,62.3899,-0.010892,-0.0705,-0.1956,2.285277
EHPL,Hydro Power,EHPL,Eastern Hydropower Limited,2025/26 Q4,331.6,373.8393,-8.4,0.0527,-0.0099,-0.1353,-0.1497,-0.37,2055920000.0,620000.0,-146917.058,146820.576,126404.276,21033.373,0.0,0.652968,0.085216,0.567752,0.135668,-0.311109,0.860944,0.045697,0.815452,0.481457,0.143259,0.044049,-0.073918,0.044547,0.020198,-0.033893,0.020014,3.39248,-5.692821,3.39248,3.39248,76.3037,97.745616,97.745616,-58.248798,97.745616,4.345792,2.471503,2.471503,0.586982,2.183682,1.3098,0.8765,-0.0246,-0.0351,-0.1821,-0.2625,0.0432,-0.0098,-4.408163,0.07829,55.231,-0.13105,-0.1421,-0.3937,2.954891
GHL,Hydro Power,GHL,Ghalemdi Hydro Limited,2025/26 Q4,247.8,236.2787,-9.2,0.0868,0.0518,0.0969,0.1705,0.141,4088700000.0,1650000.0,-81664.159,136901.281,108127.839,-21877.099,0.0,0.894148,0.105214,0.738364,0.3874,0.11149,0.789823,0.142782,0.647378,0.230731,-0.159802,-0.013948,0.012064,-0.013878,-0.009818,0.008492,-0.009735,-1.325885,1.146781,-1.325885,-1.325885,95.0507,-186.894067,-186.894067,216.083134,-186.894067,2.607031,21.270387,0.853753,0.315873,1.418274,1.2186,1.273,-0.0184,-0.0263,-0.1484,-0.2121,0.0396,0.002,19.8,0.020035,65.2038,0.102146,-0.0142,-0.1256,1.864701
GLH,Hydro Power,GLH,GreenLife Hydropower Limited,2025/26 Q4,263.0,264.2967,-7.0,0.0682,0.0273,0.0302,0.0541,0.0481,4734000000.0,1800000.0,216950.712,0.0,0.0,41905.784,0.0,0.0,0.0,0.0,0.0,0.0,0.0,0.0,0.0,0.0,0.0,0.020841,0.024856,0.021001,0.004145,0.004944,0.004213,2.328099,2.776601,2.328099,2.328099,112.0528,112.967699,112.967699,94.720116,112.967699,2.347107,7.553913,0.018604,0.954106,5.041093,1.4198,1.2564,-0.0222,-0.0316,-0.1524,-0.2119,0.0355,0.0001,355.0,0.031703,64.9482,0.020967,-0.0378,-0.1827,1.644359
GVL,Hydro Power,GVL,Green Ventures Limited,2025/26 Q4,498.0,487.409,4.0,0.0249,0.0591,0.0332,-0.006,-0.0527,17118750000.0,3437500.0,836288.39,1488581.242,778942.928,449234.204,0.0,-0.130741,0.034511,0.270768,0.270768,-0.234234,0.523279,0.018861,0.561938,0.561938,0.301787,0.104506,-0.042042,0.107493,0.041778,-0.016807,0.041697,13.068631,-5.257366,13.068631,13.068631,124.3284,38.106515,38.106515,-94.724236,38.106515,4.005521,25.872033,17.60217,0.606158,2.510166,1.2825,0.8871,-0.0219,-0.0313,-0.1457,-0.2113,0.0267,-0.0012,-22.25,0.166949,64.7429,0.053681,-0.0344,-0.1686,2.938188
HDHPC,Hydro Power,HDHPC,Himal Dolakha Hydropower Company Limited,2025/26 Q4,216.5,219.0213,-5.5,0.0782,0.0434,0.016,0.2371,0.1931,6062000000.0,2800000.0,-784731.48,69600.796,38877.177,-95223.763,0.0,-6022.195773,4339.629592,-10361.825365,-2924.850277,911.777806,0.558574,0.211419,0.347155,-0.969205,-1.368142,-0.046565,-0.007087,-0.045327,-0.042534,-0.006474,-0.041467,-3.400849,-0.517629,-3.400849,-3.400849,71.9739,-63.66058,-63.66058,-418.252997,-63.66058,3.008036,2.519409,0.212655,0.199141,1.095557,1.4398,1.394,-0.0195,-0.0278,-0.155,-0.2192,0.0464,0.0025,18.56,0.058328,61.8677,0.01833,0.0035,-0.183,2.287974
HHL,Hydro Power,HHL,Himalayan Hydropower Limited,2025/26 Q4,338.0,354.0148,-14.0,0.073,0.0153,-0.0259,0.0432,-0.0211,3701100000.0,1095000.0,-161185.503,329471.797,289482.106,80177.89,0.0,0.851767,0.064649,0.787133,0.460177,0.161777,0.878625,0.075177,0.803451,0.506974,0.243353,0.086422,0.052266,0.088744,0.037444,0.022645,0.036603,7.322182,4.428299,7.322182,7.322182,85.2799,46.161105,46.161105,76.327273,46.161105,3.963421,1.57093,1.57093,0.615729,2.290395,1.2914,1.1224,-0.0234,-0.0336,-0.1795,-0.257,0.04,-0.0015,-26.666667,0.03593,58.5287,-0.030583,-0.0397,-0.1726,2.188086
HIMSTAR,Hydro Power,HIMSTAR,Him Star Urja Company Limited,2025/26 Q4,676.0,805.741,-11.0,0.0416,-0.0315,-0.1623,-0.2563,0.5703,2521480000.0,373000.0,-118845.042,144775.298,25609.747,-110847.11,0.0,-0.832297,0.194137,-1.026434,-1.917356,-3.499139,0.176893,0.213593,-0.032988,-0.276638,-0.765649,-0.403985,-0.589802,0.0,-0.104413,-0.152439,0.0,-29.717724,-43.386673,-29.717724,-29.717724,68.1381,-22.747368,-22.747368,-15.580821,-22.747368,9.921034,0.791139,0.451429,1.017287,4.138834,1.5618,-1.6555,-0.032,-0.0464,-0.3383,-0.5115,0.0886,0.0032,27.6875,0.335645,50.744,-0.168466,-0.1847,-0.4227,5.831208
HPPL,Hydro Power,HPPL,Himalayan Power Partner Ltd.,2025/26 Q4,383.9,381.2762,-14.1,0.0362,0.0103,0.0404,0.1245,0.1162,4090135863.0,1598125.5,488344.321,768416.371,711227.279,200874.545,0.0,0.920214,0.025508,0.894712,0.605761,0.340504,0.925575,0.025884,0.899693,0.578454,0.261414,0.116516,0.173817,0.137011,0.04021,0.059985,0.039361,12.569385,18.75076,12.569385,12.569385,130.5573,30.542465,30.542465,20.473837,30.542465,2.940471,1.174359,1.085753,0.673554,2.400507,1.2701,1.0806,-0.0224,-0.0317,-0.1532,-0.217,0.042,0.0022,19.090909,0.213931,59.6537,0.059526,0.0146,-0.0952,1.289008
HURJA,Hydro Power,HURJA,Himalaya Urja Bikas Company Limited,2025/26 Q4,263.0,251.0049,-1.0,0.1263,0.1163,0.0913,0.1895,0.1847,5207400000.0,1980000.0,-37021.386,486464.911,476735.612,149917.965,0.0,0.98,0.256568,0.723432,0.479854,0.645153,0.98,0.236651,0.74347,0.463772,0.308178,0.079004,0.191192,0.080128,0.042068,0.101807,0.041764,7.571614,18.323561,7.571614,7.571614,98.1302,34.734997,34.734997,14.353105,34.734997,2.680112,40.904993,32.420256,0.460293,1.842795,1.2193,1.2398,-0.0193,-0.0274,-0.1588,-0.2249,0.0419,0.0023,18.217391,0.002675,73.9483,0.098224,-0.045,-0.1377,3.181609
IHL,Hydro Power,IHL,Ingwa Hydropower Limited,2025/26 Q4,326.5,393.7959,8.5,0.1174,-0.0046,-0.1475,-0.4223,-0.3956,1959000000.0,600000.0,-56816.508,255419.076,185825.435,-31418.725,0.0,0.174001,0.088699,0.085302,-0.461793,-1.161176,0.727532,0.084007,0.643659,0.316158,-0.123009,-0.055631,-0.306602,-0.054735,-0.014453,-0.079657,-0.014658,-5.236454,-28.859897,-5.236454,-5.236454,90.5306,-62.351353,-62.351353,-11.313277,-62.351353,3.606516,0.73794,0.491721,0.847686,3.943978,1.047,1.1132,-0.0218,-0.0311,-0.1643,-0.2355,0.0441,-0.0106,-4.160377,0.002913,54.5123,-0.150542,-0.2608,-0.4758,3.439153
JOSHI,Hydro Power,JOSHI,Joshi Hydropower Development Company Ltd,2025/26 Q4,271.8,278.0197,8.1,0.0394,-0.0044,0.0257,-0.0327,-0.0203,1665617580.0,612810.0,-214916.424,8851.532,-5343.324,-40051.459,0.0,-1.145826,0.953668,-2.099494,-3.570873,-1.590797,-0.603661,1.291302,-1.894963,-4.524805,-4.524805,-0.099863,-0.063221,-0.113702,-0.099863,-0.063221,-0.113702,-6.535706,-4.137608,-6.535706,-6.535706,64.9294,-41.586939,-41.586939,-65.690127,-41.586939,4.186088,0.206832,0.206832,0.111833,1.0,1.2445,0.6862,-0.0228,-0.0325,-0.1449,-0.206,0.0477,-0.0029,-16.448276,0.192144,54.8849,-0.001052,-0.0728,-0.2864,0.660191
KAHL,Hydro Power,KAHL,Kalanga Hydro Limited ,2025/26 Q4,506.0,511.9216,-4.0,0.0264,-0.0782,0.0,0.0,0.0,7084000000.0,1400000.0,25961.773,512008.318,454801.387,52451.815,0.0,0.648111,0.051667,0.596443,0.211932,-0.234755,0.88827,0.04533,0.842939,0.53182,0.102443,0.043661,-0.079881,0.0,0.012957,-0.023705,0.0,3.746558,-6.854593,3.746558,3.746558,101.8544,135.05729,135.05729,-73.819115,135.05729,4.967875,2.743305,2.743305,0.679732,2.947607,1.4808,0.0,-0.0269,-0.0404,-0.1333,-0.2104,0.0681,-0.002,-34.05,0.340478,53.4762,0.0,0.0,0.0,1.380788
KBSH,Hydro Power,KBSH,Kutheli Bukhari Small Hydropower Limited,2025/26 Q4,866.0,1340.3438,-11.0,0.0705,-0.0815,-0.3849,-0.4876,-0.4717,1160910238.0,147459.675,44547.375,33104.642,30850.798,10999.526,0.0,0.955434,0.42276,0.533077,0.099909,0.00203,0.931918,0.215753,0.731446,0.424235,0.332265,0.057289,0.000262,0.058401,0.052604,0.00024,0.052174,7.459344,0.034065,7.459344,7.459344,130.2098,116.096003,116.096003,25422.061674,116.096003,6.650803,8.165272,8.165272,0.081122,1.079685,1.0211,1.0414,-0.0273,-0.0389,-0.1606,-0.2329,0.0449,-0.0134,-3.350746,0.034751,43.1168,-0.39208,-0.3085,-0.5037,6.668451
KHPL,Hydro Power,KHPL,Kalinchock Hydropower Limited ,2025/26 Q4,768.7,846.95,-23.3,0.0388,-0.0221,-0.1735,0.0,0.0,4227850000.0,550000.0,34688.175,0.0,0.0,6063.36,0.0,0.0,0.0,0.0,0.0,0.0,0.0,0.0,0.0,0.0,0.0,0.011803,0.0,0.0,0.005132,0.0,0.0,1.102429,0.0,1.102429,1.102429,106.3069,697.278407,697.278407,0.0,697.278407,7.230948,11.160178,0.937456,0.628163,2.148872,1.4467,0.0,-0.0531,-0.0783,-0.2342,-0.3345,0.2125,0.0533,3.986867,0.528512,47.2232,-0.214156,0.0,0.0,12.172584
KKHC,Hydro Power,KKHC,Khanikhola Hydropower Co. Ltd.,2025/26 Q4,280.0,272.677,5.0,0.0452,-0.0635,0.1475,0.3078,0.2368,2608000080.0,931428.6,-122438.355,101374.218,101374.218,-28013.594,0.0,1.0,0.545329,0.45468,-0.19331,-0.909241,1.0,0.311678,0.688324,0.24938,-0.276338,-0.034289,-0.065893,-0.039738,-0.01972,-0.037895,-0.020617,-3.007594,-5.779676,-3.007594,-3.007594,86.8548,-93.097661,-93.097661,-48.445625,-93.097661,3.223772,9.825873,9.825717,0.46303,1.744312,1.1458,0.8428,-0.0201,-0.0286,-0.1258,-0.18,0.0609,0.0024,25.375,0.24624,50.5352,0.131474,0.0666,-0.2052,-1.39498
KPCL,Hydro Power,KPCL,Kalika Power Company,2025/26 Q4,475.0,484.0877,-13.0,0.0577,0.0326,-0.0145,-0.1046,-0.0626,4436260125.0,933949.5,235167.351,198583.701,173685.068,104989.945,0.0,0.888209,0.097701,0.792693,0.460136,0.377498,0.874619,0.049473,0.828498,0.557849,0.528694,0.090403,0.053435,0.09335,0.081936,0.048431,0.087207,11.241501,6.644658,11.241501,11.241501,125.1799,42.254143,42.254143,71.485999,42.254143,3.79454,12.414091,11.130462,0.110923,1.098365,1.3231,1.1076,-0.0218,-0.031,-0.1375,-0.1967,0.0423,-0.0032,-13.21875,0.080474,63.5333,0.005147,-0.0744,-0.2412,2.565806
LEC,Hydro Power,LEC,Liberty Energy Company Limited,2025/26 Q4,256.8,226.0262,-5.7,0.1944,0.1516,0.1894,0.3136,0.2179,5778000000.0,2250000.0,-666125.803,174518.233,153905.989,25240.945,0.0,0.857281,0.004514,0.932457,0.953391,0.950489,0.881891,0.029677,0.859693,0.534104,0.144632,0.016007,0.038436,0.016035,0.00424,0.01018,0.004336,1.12182,2.69369,1.12182,1.12182,70.3944,228.913775,228.913775,95.333912,228.913775,3.648017,510.822062,20.504718,0.73563,3.754959,1.3889,1.1905,-0.0215,-0.0307,-0.1447,-0.2034,0.0479,0.0036,13.305556,0.000139,74.9803,0.197358,0.0041,-0.0446,5.313114
MABEL,Hydro Power,MABEL,Mabilung Energy Limited,2025/26 Q4,613.0,655.2246,-27.0,0.043,0.0066,-0.0919,-0.145,0.0,2365101120.0,385824.0,8572.687,84493.964,74766.608,-4485.249,0.0,0.95191,-0.050963,1.016638,0.656263,0.147253,0.884875,0.063531,0.831067,0.446742,-0.053084,-0.01143,0.040386,0.0,-0.003781,0.01336,0.0,-1.162512,4.107644,-1.162512,-1.162512,102.2219,-527.306537,-527.306537,149.233968,-527.306537,5.996757,20.583186,1.363916,0.719353,3.014853,1.5893,1.9335,-0.0268,-0.0389,-0.2189,-0.3228,0.0911,0.0125,7.288,0.372622,58.8526,-0.106973,-0.1309,0.0,5.445749
MAKAR,Hydro Power,MAKAR,Makar Jitumaya Suri Hydropower Limited,2025/26 Q4,418.4,473.2746,-11.6,0.0408,0.0278,-0.1285,-0.2323,-0.2536,3179840000.0,760000.0,111100.841,392099.565,365370.964,78243.926,0.0,0.758423,-0.01045,0.782451,0.405674,-0.130211,0.931832,0.091149,0.843043,0.586317,0.199551,0.089367,-0.04054,0.092257,0.029095,-0.013199,0.028689,10.295253,-4.670288,10.295253,10.295253,114.6185,40.640088,40.640088,-89.587615,40.640088,3.65037,18.630046,18.630046,0.675629,3.058778,1.1787,1.0995,-0.0214,-0.0307,-0.155,-0.2265,0.0338,-0.0072,-4.694444,0.08129,51.1801,-0.117868,-0.141,-0.3273,2.877378
MANDU,Hydro Power,MANDU,Mandu Hydropower Limited,2025/26 Q4,697.0,804.6557,-37.0,0.0295,-0.048,-0.0681,-0.0187,-0.0633,9504549890.0,1363637.0,686873.256,794934.701,733506.239,318551.201,0.0,0.869242,0.054154,0.815092,0.583976,0.320538,0.922725,0.054047,0.868686,0.657243,0.400726,0.144947,0.127925,0.154184,0.061785,0.05453,0.064346,23.360411,20.617118,23.360411,23.360411,162.8812,29.836804,29.836804,33.806859,29.836804,4.279192,6.177017,1.969887,0.586723,2.314886,0.724,0.8283,-0.0185,-0.0266,-0.137,-0.2033,0.0257,-0.0014,-18.357143,0.117659,48.4655,-0.131522,-0.0144,-0.1035,0.931252
MBJC,Hydro Power,MBJC,Madhya Bhotekoshi Jalavidyut Company Limited,2025/26 Q4,295.0,281.832,-5.0,0.0592,0.1191,0.0543,0.0424,-0.0227,17700000000.0,6000000.0,-225258.13,2144669.86,1924680.09,169583.86,0.0,0.872228,0.023344,0.849383,0.508044,0.129867,0.897425,0.023067,0.874585,0.522156,0.079072,0.029604,0.06483,0.029908,0.008096,0.017729,0.007908,2.826398,6.189481,2.826398,2.826398,96.2457,104.37314,104.37314,47.661511,104.37314,3.065072,0.3811,0.380643,0.802133,3.550695,1.3121,1.5033,-0.0226,-0.0324,-0.2538,-0.3644,0.0294,-0.0008,-36.75,0.023495,75.6005,0.069003,-0.0495,-0.1069,3.597294
MCHL,Hydro Power,MCHL,Menchhiyam Hydropower Limited,2025/26 Q4,272.8,315.8869,2.8,0.0698,-0.0254,-0.1163,-0.3678,-0.4182,1480167242.4,542583.3,-681468.081,133051.093,130163.563,-5592.561,0.0,0.983364,0.329554,0.65381,0.227145,-0.319548,0.978298,0.139422,0.838876,0.460735,-0.042033,0.041672,0.279072,0.065817,-0.005384,-0.036058,-0.005417,-1.030729,-6.902594,-1.030729,-1.030729,-25.597,-264.667161,-264.667161,-39.521377,-264.667161,-10.657519,0.380659,0.380659,1.424519,-7.432861,1.0794,0.9295,-0.0216,-0.0307,-0.1722,-0.2466,0.0441,-0.0131,-3.366412,0.0338,54.2134,-0.122745,-0.2504,-0.4939,1.895866
MEHL,Hydro Power,MEHL,Manakamana Engineering Hydropower Limited,2025/26 Q4,255.0,349.223,0.0,0.1184,-0.0986,-0.2797,-0.4028,-0.3786,2040000000.0,800000.0,-282673.259,145562.109,120429.643,13876.185,0.0,0.788596,0.027016,0.76819,0.449759,0.162017,0.827342,0.061738,0.780502,0.430926,0.095328,0.027044,0.050458,0.027003,0.011221,0.020937,0.011137,1.734523,3.236267,1.734523,1.734523,64.6658,147.014471,147.014471,78.794475,147.014471,3.943349,1.548421,1.548421,0.611694,2.392471,1.1371,1.0844,-0.0216,-0.0307,-0.1704,-0.2438,0.0495,-0.0106,-4.669811,0.006667,49.4489,-0.259757,-0.2728,-0.5087,4.412213
MEL,Hydro Power,MEL,Modi Energy Limited,2025/26 Q4,216.0,236.0631,-10.0,0.0822,0.0485,-0.0588,-0.1925,-0.2301,6264000000.0,2900000.0,-1212584.0,469204.0,409008.0,-80299.0,0.0,0.868435,0.005804,0.862631,0.306284,-0.103546,0.871706,0.005748,0.865958,0.291406,-0.171139,-0.04741,-0.02983,-0.046694,-0.016368,-0.010299,-0.016128,-2.768931,-1.742207,-2.768931,-2.768931,58.1868,-78.008443,-78.008443,-123.980682,-78.008443,3.712185,0.356047,0.356047,0.760112,2.81618,1.2168,1.1392,-0.0183,-0.0261,-0.1403,-0.1991,0.033,-0.0062,-5.322581,0.004914,64.1912,-0.067301,-0.1688,-0.3121,2.583751
MEN,Hydro Power,MEN,Mountain Energy Nepal Limited,2025/26 Q4,651.0,600.3409,-14.0,0.0333,0.0507,0.1034,0.1522,0.2735,16943679858.0,3123258.85,1585941.171,1533543.692,1309983.841,797043.756,0.0,0.868489,0.02001,0.84848,0.695741,0.593669,0.85422,0.02753,0.827277,0.65347,0.51974,0.174185,0.235507,0.181694,0.115496,0.156156,0.11624,25.519619,34.503788,25.519619,25.519619,150.7784,25.509785,25.509785,18.867494,25.509785,4.317594,3.713364,2.928369,0.411776,1.48419,0.9523,0.9206,-0.0186,-0.0265,-0.12,-0.1688,0.023,0.0044,5.227273,0.108456,75.0217,0.128145,0.0239,0.0,1.910222
MEPDL,Hydro Power,MEPDL,Mount Everest Power Development Limited,2025/26 Q4,673.5,623.1227,-1.5,0.0458,0.1165,0.0,0.0,0.0,5792100000.0,860000.0,97878.823,336953.722,291498.817,86778.36,0.0,0.90232,0.021523,0.881877,0.617959,0.281221,0.8651,0.016442,0.848903,0.609695,0.257538,0.106068,0.105013,0.0,0.038612,0.038229,0.0,10.090507,9.990171,10.090507,10.090507,111.3813,66.745903,66.745903,67.416261,66.745903,6.046798,1.650748,1.650748,0.586918,2.348066,0.0,0.0,0.0,0.0,0.0,0.0,0.0,0.0,0.0,0.0,0.0,0.0,0.0,0.0,0.0
MHCL,Hydro Power,MHCL,Molung Hydropower Company Limited,2025/26 Q4,297.7,335.4607,-1.3,0.0632,-0.0239,-0.1343,-0.2347,-0.277,2389042500.0,802500.0,-102088.096,176528.306,160659.955,57710.06,0.0,0.801684,0.205778,0.597222,0.152836,-0.175744,0.910109,0.129016,0.816178,0.545577,0.326917,0.082107,-0.027915,0.083833,0.052992,-0.018016,0.051435,7.191285,-2.444892,7.191285,7.191285,87.2787,41.397332,41.397332,-121.764059,41.397332,3.410911,1.161971,1.161971,0.413895,1.507401,1.2285,0.9823,-0.0236,-0.0339,-0.2378,-0.347,0.0404,-0.0071,-5.690141,0.045221,53.2509,-0.109838,-0.1406,-0.3156,1.96829
MHL,Hydro Power,MHL,Mandakini Hydropower Limited,2025/26 Q4,473.4,490.7623,-10.6,0.0453,0.0159,-0.0319,-0.0259,-0.0131,3061795451.4,646767.0,102494.798,121708.655,108770.7,56658.885,0.0,0.903782,0.040588,0.863194,0.745421,0.555693,0.893697,0.048223,0.845474,0.631861,0.465529,0.076414,0.084007,0.078148,0.053006,0.058274,0.056853,8.760324,9.630904,8.760324,8.760324,115.8473,54.039097,54.039097,49.154262,54.039097,4.086415,15.792174,3.216161,0.357357,1.496951,1.307,1.5827,-0.0233,-0.0334,-0.1844,-0.2659,0.0291,-0.0014,-20.785714,0.058156,58.7321,-0.013245,-0.0574,-0.159,2.736166
MHNL,Hydro Power,MHNL,Mountain Hydro Nepal Limited,2025/26 Q4,260.0,258.2885,0.0,0.0744,0.0748,0.0383,0.0784,0.0607,3250000000.0,1250000.0,-373618.262,454569.935,270947.535,159720.238,0.0,0.720427,0.026547,1.079527,1.076711,0.500984,0.596052,0.037203,0.785186,0.781448,0.351366,0.239196,0.49706,0.332093,0.050821,0.105609,0.053331,12.777619,26.55242,12.777619,12.777619,70.1105,20.348079,20.348079,9.791951,20.348079,3.70843,0.345163,0.261169,0.916361,3.830949,1.5484,1.2513,-0.023,-0.0327,-0.1654,-0.2303,0.041,0.0004,102.5,0.041015,68.7534,0.029392,-0.0692,-0.1963,2.44927
MKHC,Hydro Power,MKHC,Maya Khola Hydropower Company Limited,2025/26 Q4,267.0,305.2451,-5.0,0.0269,0.0075,-0.1483,-0.2521,-0.3087,2670000000.0,1000000.0,-382281.0,379439.0,379439.0,15850.0,0.0,1.0,0.248239,0.766674,0.360767,-0.162482,1.0,0.148633,0.867968,0.518223,0.041772,0.025376,-0.085819,0.025489,0.005439,-0.018395,0.005396,1.585,-5.3604,1.585,1.585,61.7719,168.454259,168.454259,-49.809716,168.454259,4.322354,0.489838,0.489838,0.859942,4.692728,1.2706,0.8966,-0.022,-0.0313,-0.1612,-0.228,0.0425,-0.0082,-5.182927,0.206444,52.7792,-0.13694,-0.1535,-0.3486,3.409932
MKHL,Hydro Power,MKHL,Mai Khola Hydropower Limited,2025/26 Q4,511.0,560.982,-19.0,0.03,0.0249,0.0282,-0.3377,-0.3095,2003921248.0,392156.8,56224.785,37631.9,-77307.325,54236.537,0.0,-7.74936,0.093156,3.994775,3.64965,3.357388,-2.054303,0.102461,2.641448,2.130727,1.441238,0.126743,0.399117,0.132754,0.079574,0.250579,0.078974,13.830319,43.552056,13.830319,13.830319,114.3373,36.94781,36.94781,11.733086,36.94781,4.469232,1.003268,0.553898,0.798357,1.513436,0.8714,1.1234,-0.0223,-0.0319,-0.1456,-0.2133,0.0507,-0.0084,-6.035714,0.226776,61.2629,0.036636,-0.2439,-0.4126,3.223359
MKJC,Hydro Power,MKJC,Mailung Khola Jal Vidhyut Company Limited,2025/26 Q4,290.0,466.1344,-11.0,0.0021,-0.3437,-0.3957,-0.4318,-0.5161,1091327420.0,376319.8,7431.401,97118.705,84936.502,1732.66,0.0,0.751923,0.128693,-0.118924,-0.758977,-0.550078,0.874564,0.083599,0.606056,0.135532,0.017841,0.004458,-0.101102,0.004443,0.002644,-0.059969,0.002534,0.460422,-10.441769,0.460422,0.460422,101.9748,629.856648,629.856648,-27.773072,629.856648,2.843841,1.968967,1.421688,0.55935,1.667131,1.2071,0.7218,-0.0259,-0.0369,-0.1837,-0.2632,0.0584,-0.0142,-4.112676,0.39008,24.3349,-0.377307,-0.1559,-0.5323,-3.327675
MMKJL,Hydro Power,MMKJL,Mathillo Mailun Khola Jalvidhyut Limited,2025/26 Q4,358.0,482.6712,-14.0,0.0079,-0.2132,-0.2542,-0.4177,-0.3713,3580000000.0,1000000.0,5715.242,431136.027,381881.001,111282.992,0.0,0.885947,0.326787,0.55916,0.55916,0.257336,0.885755,0.313452,0.572303,0.572303,0.258116,0.112118,0.107481,0.115533,0.037294,0.035751,0.037311,11.128299,10.668051,11.128299,11.128299,100.5715,32.170235,32.170235,33.558144,32.170235,3.559656,2.312184,1.712124,0.720639,2.911562,0.7536,1.0343,-0.0216,-0.031,-0.1553,-0.2258,0.0474,-0.0104,-4.557692,0.34972,37.6192,-0.249079,-0.1767,-0.4696,0.205311
MSHL,Hydro Power,MSHL,Mid Solu Hydropower Limited,2025/26 Q4,560.0,662.8279,10.1,0.0811,-0.0444,-0.1648,-0.3333,-0.2853,4191040000.0,860660.0,157198.211,283659.867,253940.26,125192.69,0.0,0.902216,0.131075,0.695916,0.481403,0.267371,0.895228,0.065514,0.942525,0.703482,0.441348,0.123968,0.088625,0.129487,0.057387,0.041026,0.057786,14.546126,10.399091,14.546126,14.546126,118.2648,38.498222,38.498222,53.850859,38.498222,4.735135,5.038318,5.000843,0.557064,2.145916,0.9236,1.1741,-0.0234,-0.0335,-0.1593,-0.2351,0.0355,-0.0068,-5.220588,0.008453,51.4047,-0.151716,-0.1832,-0.3593,2.779386
NGPL,Hydro Power,NGPL,Ngadi Group Power Ltd.,2025/26 Q4,417.0,429.8902,-3.0,0.0589,0.0173,-0.0071,0.0506,0.1007,15439668528.0,3878429.974,1487269.396,138054.459,118576.552,49150.18,0.0,0.782544,0.059336,0.779388,0.551024,0.267745,0.858911,0.073159,0.857006,0.642496,0.35602,0.008733,0.00617,0.008498,0.008227,0.005812,0.007983,1.26727,0.895305,1.26727,1.26727,138.3472,329.053792,329.053792,465.763248,329.053792,3.014156,8.01508,3.422011,0.188596,1.063018,1.011,0.9528,-0.0172,-0.0245,-0.1263,-0.1842,0.0345,0.002,17.25,0.054799,61.4992,0.008246,-0.0316,-0.1507,1.758722
NHDL,Hydro Power,NHDL,Nepal Hydro Developers Ltd.,2025/26 Q4,635.5,639.1385,-25.5,0.0008,-0.0036,0.0047,-0.1435,0.0414,2466990028.5,423134.0,105427.0,112907.0,96176.0,59220.0,0.0,0.763334,0.040175,0.723586,0.466966,0.323811,0.851816,0.024188,0.827903,0.657957,0.524502,0.112633,0.04605,0.116892,0.105369,0.04308,0.105916,13.995566,5.722064,13.995566,13.995566,124.9157,45.407237,45.407237,111.061315,45.407237,5.087429,3.954068,1.446046,0.158693,1.046352,1.4882,1.1007,-0.0224,-0.032,-0.1425,-0.2057,0.0285,-0.0005,-57.0,0.481809,53.1507,0.027121,-0.0186,-0.1435,1.205707
NHPC,Hydro Power,NHPC,National Hydro Power,2025/26 Q4,267.5,279.3836,-8.5,0.0409,0.0214,-0.0129,0.4236,0.3484,6597721650.0,2467162.916,-111890.713,137268.282,64453.24,-22929.157,0.0,-11.013734,4.072922,-14.556346,-22.725846,-24.368371,0.469542,0.154981,0.314628,-0.038087,-0.167039,-0.009651,-0.071013,-0.009617,-0.007738,-0.056938,-0.007807,-0.929373,-6.838647,-0.929373,-0.929373,95.4648,-287.828321,-287.828321,-39.115925,-287.828321,2.80208,4.700306,0.251214,0.380763,1.257822,1.5295,1.3989,-0.0215,-0.0306,-0.1594,-0.2266,0.0582,0.0052,11.192308,0.274941,55.208,-0.023288,0.053,-0.1923,1.719189
NYADI,Hydro Power,NYADI,Nyadi Hydropower Limited,2025/26 Q4,372.0,386.1238,-3.0,0.0595,0.0288,-0.0262,-0.1079,-0.0691,5580000000.0,1650000.0,-617933.0,652012.0,352840.0,40446.0,0.0,-0.836726,0.219331,-1.036528,-1.036528,-2.540883,0.541156,0.0502,0.507626,0.507626,0.062033,0.037252,-0.395427,0.038068,0.007501,-0.079621,0.007423,2.451273,-26.019879,2.451273,2.451273,62.5495,151.757899,151.757899,-14.296761,151.757899,5.947288,0.880063,0.880063,0.847927,5.134779,1.4268,1.0047,-0.0269,-0.0384,-0.1956,-0.2788,0.0334,-0.0023,-14.521739,0.035978,61.0883,-0.038217,-0.0712,-0.1887,2.718766
PHCL,Hydro Power,PHCL,Peoples Hydropower Company Limited,2025/26 Q4,313.6,307.2057,8.6,0.0495,0.0523,0.0242,0.1834,-0.1923,10035200000.0,3200000.0,71800.853,1156058.782,703820.319,71416.566,0.0,0.646154,0.188579,0.651211,0.651211,0.206987,0.60881,0.113123,0.589631,0.589631,0.061776,0.022045,0.083464,0.02291,0.006258,0.023693,0.006325,2.231768,8.44973,2.231768,2.231768,102.2438,140.516417,140.516417,37.113611,140.516417,3.067179,8.919563,8.919563,0.720488,3.497714,1.2153,1.6116,-0.0238,-0.0341,-0.2417,-0.3474,0.0421,-0.0051,-8.254902,0.102326,63.6143,0.026352,-0.002,-0.2295,1.542106
PMHPL,Hydro Power,PMHPL,Panchakanya Mai Hydropower,2025/26 Q4,319.9,333.373,7.9,0.0848,0.0326,-0.0277,0.0156,-0.0792,3518900000.0,1100000.0,-182682.344,347144.363,295875.8,66795.756,0.0,0.746567,0.036791,0.71657,0.182436,-0.278451,0.852313,0.027686,0.828974,0.488048,0.192415,0.072208,-0.066848,0.073885,0.032029,-0.029651,0.032472,6.072341,-5.621636,6.072341,6.072341,83.3925,52.681491,52.681491,-56.905147,52.681491,3.836076,0.298606,0.213296,0.724762,2.357014,1.6545,1.2581,-0.0247,-0.0353,-0.1713,-0.2429,0.0431,-0.0019,-22.684211,0.026636,57.7047,-0.011691,-0.0628,-0.2526,2.116042
PPCL,Hydro Power,PPCL,Panchthar Power Company Ltd.,2025/26 Q4,348.0,366.3082,-7.0,0.0281,0.0422,-0.0424,0.0,0.1042,3349500000.0,962500.0,-12991.95,377816.87,338965.86,85163.28,0.0,0.963167,0.099437,0.864805,0.59548,0.282026,0.89717,0.062434,0.83609,0.586679,0.225409,0.090887,0.10659,0.091907,0.032144,0.037698,0.031683,8.848133,10.376894,8.848133,8.848133,98.6502,39.330331,39.330331,33.536048,39.330331,3.527616,0.406939,0.406939,0.725961,2.797366,1.3388,1.1305,-0.0209,-0.0297,-0.1537,-0.2162,0.036,0.0008,45.0,0.227465,62.314,-0.024425,-0.069,-0.2169,2.498026
PPL,Hydro Power,PPL,Peoples Power Limited,2025/26 Q4,328.0,343.5672,-10.0,0.0719,0.0347,-0.0404,0.0347,0.0963,3112392000.0,948900.0,24545.0,89890.0,75808.0,-21763.0,0.0,1.430949,1.307671,0.123278,-0.102585,-0.102585,0.843342,0.686773,0.15668,-0.209879,-0.242107,-0.022314,-0.015269,-0.023826,-0.022314,-0.015269,-0.02233,-2.293498,-1.569396,-2.293498,-2.293498,102.5867,-143.013004,-143.013004,-208.997583,-143.013004,3.197296,77.598582,77.598582,0.001448,1.0,1.1479,0.7173,-0.0215,-0.0307,-0.1702,-0.2483,0.0476,0.0005,95.2,0.073881,62.1558,-0.030272,-0.0724,-0.2264,3.27884
RADHI,Hydro Power,RADHI,Radhi Bidhyut Company,2025/26 Q4,713.0,754.5656,-21.0,0.0333,0.0014,-0.0298,-0.043,-0.052,13111923835.0,1838979.317,1289932.948,137615.548,101704.873,363251.015,0.0,0.699928,0.175713,0.526414,0.378788,1.404387,0.739051,0.260693,3.075293,2.91754,2.639607,0.114044,0.049364,0.122406,0.101147,0.043782,0.108121,19.75286,8.550086,19.75286,19.75286,170.144,36.096038,36.096038,83.390974,36.096038,4.190569,32.388406,2.640879,0.135559,1.120654,1.3112,1.3028,-0.02,-0.0288,-0.1761,-0.2573,0.038,-0.0013,-29.230769,0.184761,55.4907,-0.00912,-0.0739,-0.225,4.118505
RAWA,Hydro Power,RAWA,Rawa Energy Development Limited,2025/26 Q4,420.0,524.7262,-14.0,0.0147,-0.0085,-0.1022,-0.4076,-0.4276,1176000000.0,280000.0,-38293.214,104782.96,89983.61,31262.955,0.0,0.807098,0.096442,0.710656,0.453672,0.186317,0.858762,0.075734,0.783028,0.552429,0.298359,0.130544,0.074344,0.136318,0.049028,0.027921,0.049444,11.165341,6.358576,11.165341,11.165341,86.3239,37.616406,37.616406,66.052528,37.616406,4.865399,3.092217,2.979663,0.641584,2.647184,0.7866,0.6644,-0.02,-0.0286,-0.127,-0.1829,0.0377,-0.0119,-3.168067,0.241053,53.1052,-0.10568,-0.3026,-0.497,2.277138
RFPL,Hydro Power,RFPL,River Falls Power Limited,2025/26 Q4,343.0,359.2098,-4.8,0.0454,0.0291,-0.0233,-0.0362,-0.0088,2401000000.0,1400000.0,276959.29,264331.18,226908.72,37945.5,0.0,0.707451,0.074495,0.632956,0.394732,0.308176,0.858426,0.060302,0.798132,0.572031,0.143553,0.022758,0.046275,0.029439,0.013607,0.027669,0.014707,2.710393,5.511189,2.710393,2.710393,119.7828,126.54992,126.54992,62.237028,126.54992,2.863516,11.726183,7.765571,0.417301,1.660754,1.0956,0.6871,-0.022,-0.0313,-0.1582,-0.2318,0.0441,-0.0013,-33.923077,0.150035,61.3142,-0.022467,-0.0953,-0.2463,1.663374
RHGCL,Hydro Power,RHGCL,Rapti Hydro And General Construction Limited,2025/26 Q4,275.0,280.6327,3.5,0.1,0.0797,0.004,0.1317,0.0765,3370365900.0,1225587.6,-78952.415,83970.772,60663.677,-26419.388,0.0,-0.034707,0.087887,-0.613807,-2.533507,-3.319592,0.722438,0.032781,0.730033,-0.014253,-0.314626,-0.022775,-0.092011,-0.023378,-0.015054,-0.060816,-0.014241,-2.155651,-8.70871,-2.155651,-2.155651,93.558,-127.571687,-127.571687,-31.57758,-127.571687,2.939353,7.227468,7.101716,0.355282,1.516522,1.1703,0.7519,-0.0197,-0.0281,-0.1371,-0.1975,0.0486,-0.0004,-121.5,0.024469,64.2032,-6.8e-05,-0.0596,-0.1866,3.587795
RHPL,Hydro Power,RHPL,Rasuwagadhi Hydropower Company Limited,2025/26 Q4,172.1,263.7311,-3.0,0.0112,-0.3173,-0.3461,-0.3673,-0.3943,11775254100.0,6842100.0,-2257058.0,1266672.0,956167.0,-1445890.0,0.0,0.772303,0.016595,0.691028,0.184576,-0.421798,0.754866,0.02684,0.681423,-0.0956,-1.141487,-0.308394,-0.175953,-0.282359,-0.076589,-0.043698,-0.070679,-21.132255,-12.056942,-21.132255,-21.132255,67.0122,-8.143949,-8.143949,-14.273935,-8.143949,2.568189,0.251933,0.220565,1.02529,4.035185,1.3052,1.3931,-0.0216,-0.0306,-0.1692,-0.2359,0.0578,-0.0104,-5.557692,0.354957,27.5019,-0.336418,-0.1188,-0.4622,-2.242305
RIDI,Hydro Power,RIDI,Ridi Power Company Limited,2025/26 Q4,355.0,353.1639,-12.0,0.021,-0.0128,0.0597,0.5998,0.5704,8247898890.0,2323351.8,47062.017,364781.688,293318.845,46862.649,0.0,0.488898,0.13326,0.284724,-0.20889,-0.410855,0.804094,0.059901,0.708641,0.349786,0.128468,0.019657,-0.04582,0.019942,0.012652,-0.029492,0.012615,2.017028,-4.701707,2.017028,2.017028,102.0256,176.001551,176.001551,-75.504488,176.001551,3.479519,4.973158,0.729641,0.406111,1.526466,0.9907,1.1717,-0.0181,-0.0258,-0.1614,-0.2291,0.0604,0.0073,8.273973,0.411569,50.7499,0.056732,0.1289,-0.0803,0.498559
RLEL,Hydro Power,RLEL,Ridge Line Energy Limited,2025/26 Q4,828.0,910.1181,-1.0,0.0895,-0.1,-0.0697,0.0,0.0,9811800000.0,1185000.0,346076.363,337237.714,306273.315,144992.24,0.0,0.912338,0.051165,0.861174,0.684336,0.508542,0.908182,0.047326,0.860971,0.650704,0.429941,0.096244,0.135632,0.0,0.055211,0.077806,0.0,12.235632,17.243203,12.235632,12.235632,129.2048,67.671208,67.671208,48.018922,67.671208,6.408433,11.583268,2.698691,0.434035,1.710329,2.4409,3.6355,-0.0422,-0.0615,-0.5382,-0.8091,0.1719,0.0304,5.654605,0.37384,49.7905,-0.060328,0.0,0.0,-1.340557
RURU,Hydro Power,RURU,Ru Ru Jalbidhyut Pariyojana Limited,2025/26 Q4,600.0,638.2615,-26.6,0.0256,-0.0083,-0.0712,-0.1051,-0.0632,3403933800.0,624054.424,179946.55,138735.791,92156.685,64909.118,0.0,0.431516,0.170677,0.26084,0.26084,0.138865,0.66426,0.096663,0.568702,0.568702,0.467861,0.08089,0.014343,0.080678,0.077974,0.013827,0.079275,10.401195,1.844355,10.401195,10.401195,128.8351,57.685677,57.685677,325.317052,57.685677,4.657117,3.217854,1.84679,0.271252,1.074627,0.9554,0.8101,-0.0205,-0.0292,-0.1123,-0.1574,0.0217,-0.0017,-12.764706,0.106706,53.5449,-0.045012,-0.0666,-0.1985,2.919597
SAHAS,Hydro Power,SAHAS,Sahas Urja Limited,2025/26 Q4,697.1,652.9393,-27.9,0.0045,0.0183,0.0692,0.2721,0.361,26350380000.0,4573800.0,3685780.09,2844534.705,2616251.755,1359156.44,0.0,0.845566,-0.02742,0.933854,0.604333,0.34552,0.919747,0.012473,0.918201,0.694606,0.477813,0.166324,0.086365,0.176288,0.080756,0.041933,0.082488,29.716132,15.430329,29.716132,29.716132,180.5846,23.458639,23.458639,45.177261,23.458639,3.86024,13.660151,0.859194,0.595775,2.073111,1.1423,1.0136,-0.0188,-0.0269,-0.1173,-0.1697,0.0232,0.0053,4.377358,0.513754,60.7318,0.074604,0.0875,-0.0168,0.079306
SANVI,Hydro Power,SANVI,Sanvi Energy Limited,2025/26 Q4,589.0,665.0607,-24.0,0.0537,-0.018,-0.1146,-0.1311,-0.017,5183200000.0,880000.0,54640.893,125505.149,120679.47,-67907.26,0.0,0.98,0.245302,2.370189,0.947357,-0.576061,0.96155,0.407219,1.326538,0.459742,-0.541072,-0.072199,-0.050299,-0.069533,-0.0272,-0.01895,-0.026964,-7.716734,-5.376053,-7.716734,-7.716734,106.2092,-76.327627,-76.327627,-109.559937,-76.327627,5.545659,0.524159,0.524159,0.739483,2.663894,1.7732,1.889,-0.0273,-0.0396,-0.177,-0.2466,0.059,-0.0009,-65.555556,0.183609,53.765,-0.110213,-0.1543,-0.4197,3.989859
SGHC,Hydro Power,SGHC,Swet-Ganga Hydropower & Construction Limited,2025/26 Q4,309.6,352.0762,-5.4,0.0495,0.0252,-0.1078,-0.2062,-0.0793,4931928000.0,1593000.0,-260525.882,847095.435,759293.873,177349.253,0.0,0.834642,0.388813,0.43862,0.43862,-0.001023,0.89635,0.302142,0.584351,0.584351,0.209362,0.133075,-0.000523,0.139038,0.030765,-0.000121,0.030665,11.133035,-0.04378,11.133035,11.133035,83.6456,27.809128,27.809128,-7071.756723,27.809128,3.701331,0.549443,0.514247,0.836082,4.309201,1.4414,1.3249,-0.0237,-0.0337,-0.1878,-0.2683,0.0522,-0.0022,-23.727273,0.166664,57.5162,-0.100669,-0.1598,-0.3196,2.910868
SGHL,Hydro Power,SGHL,Sanigad Hydro Limited,2025/26 Q4,508.3,500.6706,-4.7,0.018,-0.0445,0.0,0.0,0.0,14486550000.0,2850000.0,336413.998,1110581.052,1052289.219,265881.018,0.0,0.796368,-0.060736,0.857204,0.575289,0.292595,0.947512,0.049646,0.89802,0.603877,0.239407,0.097481,0.122835,0.0,0.03432,0.043247,0.0,9.329159,11.755564,9.329159,9.329159,111.804,54.485086,54.485086,43.239101,54.485086,4.546349,0.615255,0.608215,0.683392,2.438205,1.5166,0.0,-0.0244,-0.0361,-0.086,-0.1468,0.066,0.001,66.0,0.398952,55.8204,0.0,0.0,0.0,1.253776
SHEL,Hydro Power,SHEL,Singati Hydro Energy Limited,2025/26 Q4,308.0,309.7975,-2.0,0.048,0.0329,0.0219,0.1294,0.0705,8932000000.0,3045000.0,199875.127,702206.145,685247.778,206462.185,0.0,0.959761,0.116171,0.843589,0.477918,0.01416,0.97585,0.10233,0.873566,0.600908,0.294019,0.061742,0.002092,0.062691,0.034775,0.001178,0.034162,6.780367,0.229766,6.780367,6.780367,109.8109,45.425268,45.425268,1340.497058,45.425268,2.804821,2.518094,0.515717,0.517751,1.768367,1.3542,1.5874,-0.0206,-0.0294,-0.1721,-0.2456,0.034,0.0015,22.666667,0.09089,62.9792,0.025405,0.0009,-0.1302,1.645704
SHPC,Hydro Power,SHPC,Sanima Mai Hydropower,2025/26 Q4,531.0,513.8861,-17.0,0.0416,0.0773,0.0578,0.0114,-0.0127,19848746547.0,3737993.71,1401717.546,512739.994,416136.489,293450.415,0.0,0.898266,0.276753,0.941506,0.941506,0.784103,0.811594,0.420111,0.724691,0.724691,0.572318,0.057961,0.124804,0.050078,0.057177,0.123118,0.049229,7.850479,16.904136,7.850479,7.850479,137.4992,67.639184,67.639184,31.412431,67.639184,3.861841,8.125948,0.155183,0.061049,1.003255,1.2777,1.3619,-0.0177,-0.0252,-0.1452,-0.2086,0.0286,-0.0005,-57.2,0.074855,67.4562,0.078745,-0.0339,-0.0829,3.369562
SIKLES,Hydro Power,SIKLES,Sikles Hydropower Limited,2025/26 Q4,575.2,582.4484,-23.8,-0.0048,0.039,0.0104,0.0127,-0.0601,4889200000.0,977500.0,138097.812,338841.235,298544.249,137533.055,0.0,0.792593,0.091209,0.701615,0.426537,0.22742,0.881074,0.07395,0.808639,0.565033,0.405892,0.124287,0.065216,0.131556,0.069781,0.036615,0.069959,14.069878,7.38273,14.069878,14.069878,114.1277,40.881663,40.881663,77.911556,40.881663,5.03997,2.243447,2.243447,0.465728,1.760522,1.0418,1.0838,-0.0208,-0.0298,-0.1554,-0.2289,0.0394,-0.0031,-12.709677,0.518219,57.9063,0.009855,-0.0456,-0.1699,1.491268
SIPD,Hydro Power,SIPD,Shikhar Power Development Limited,2025/26 Q4,608.0,695.0527,-31.0,0.0286,-0.0569,-0.1252,0.0,0.0,5958400000.0,980000.0,-61564.609,35674.538,27223.46,-75784.402,0.0,0.387912,-0.029811,-0.244563,-1.493454,-2.662153,0.763106,0.071756,0.500715,-0.721604,-2.124327,-0.081273,-0.116336,0.0,-0.04735,-0.067778,0.0,-7.733102,-11.069344,-7.733102,-7.733102,93.7179,-78.623039,-78.623039,-54.926468,-78.623039,6.487555,69.961907,42.991699,0.424184,1.726553,1.5653,-2.5598,-0.0434,-0.063,-0.6705,-1.0348,0.1777,0.0259,6.861004,0.494837,44.002,-0.130801,0.0,0.0,3.190114
SJCL,Hydro Power,SJCL,Sanjen Jalavidhyut Company Limited,2025/26 Q4,246.7,288.4393,-5.3,0.0611,-0.075,-0.1313,-0.1392,-0.1467,9004550000.0,3650000.0,-592808.9,1641567.15,1403500.2,81978.42,0.0,0.825223,-0.001589,0.828926,0.49855,0.134205,0.854976,0.026641,0.827563,0.476607,0.049939,0.027083,0.079868,0.026904,0.006978,0.020578,0.006815,2.245984,6.623537,2.245984,2.245984,83.7587,109.840492,109.840492,37.245963,109.840492,2.945367,0.553735,0.471901,0.825981,3.826687,1.2582,1.3334,-0.0194,-0.0275,-0.1468,-0.2053,0.0374,-0.0034,-11.0,0.046823,46.798,-0.11145,-0.093,-0.3109,0.959933
SKHEL,Hydro Power,SKHEL,Suryakunda Hydro Electric Limited,2025/26 Q4,871.0,1039.0776,0.0,0.0494,-0.0879,-0.176,0.0,0.0,6007064024.0,689674.4,-66334.149,228147.936,201548.826,-33191.183,0.0,0.861496,0.034002,0.827495,0.37847,-0.187423,0.883413,0.045464,0.837948,0.42746,-0.145481,-0.052799,-0.067337,0.0,-0.014556,-0.018564,0.0,-4.812587,-6.137802,-4.812587,-4.812587,90.3818,-180.983728,-180.983728,-141.907481,-180.983728,9.636894,0.862242,0.862242,0.804301,3.659412,2.2659,5.4291,-0.0434,-0.0642,-0.7624,-1.1532,0.1807,0.0348,5.192529,0.470443,45.6597,-0.196175,0.0,0.0,3.025813
SKHL,Hydro Power,SKHL,Super Khudi Hydropower Limited,2025/26 Q4,764.5,883.1627,-18.9,0.0545,-0.0789,-0.1608,0.0,0.0,11849750000.0,1550000.0,701970.088,0.0,0.0,295976.509,0.0,0.0,0.0,0.0,0.0,0.0,0.0,0.0,0.0,0.0,0.0,0.134721,0.207926,0.0,0.057768,0.089157,0.0,19.095259,29.471316,19.095259,19.095259,145.2884,40.036117,40.036117,25.940477,40.036117,5.261948,0.326715,0.326715,0.788298,2.335199,2.7055,0.32,-0.0411,-0.0598,-0.337,-0.4929,0.1497,0.0191,7.837696,0.410165,44.2379,-0.164104,0.0,0.0,3.87614
SMH,Hydro Power,SMH,Super Mai Hydropower Limited,2025/26 Q3,529.9,554.5246,-4.1,0.0404,0.0493,-0.0538,-0.103,-0.2196,2834965000.0,535000.0,165598.965,138409.18,119462.932,37792.058,0.0,0.864549,0.098179,0.766772,0.499919,0.235993,0.879255,0.050828,0.882222,0.618088,0.328828,0.072467,0.060525,0.090529,0.03819,0.031896,0.045828,9.418581,7.866406,11.482949,7.848818,130.9531,67.513352,56.261126,67.362402,46.146682,4.046488,3.074497,2.715633,0.503314,1.88353,0.8843,0.7259,-0.0203,-0.0288,-0.1005,-0.1446,0.0542,-0.0065,-8.338462,0.196996,62.8921,-0.045596,-0.1323,-0.3164,2.954295
SMHL,Hydro Power,SMHL,Super Madi Hydropower Limited,2025/26 Q4,465.0,498.0721,-5.0,0.0162,0.0813,0.1134,-0.0437,-0.3499,10253250000.0,2315250.0,451432.24,1330432.29,1299931.55,425993.1,0.0,1.052417,0.115995,0.936422,0.730136,0.461452,0.977075,0.071729,0.905345,0.666375,0.320191,0.159204,0.271787,0.167244,0.04562,0.07788,0.045627,18.399443,31.410965,18.399443,18.399443,119.4982,25.272504,25.272504,14.803747,25.272504,3.891272,6.512374,2.082606,0.729335,3.39314,0.9407,0.7772,-0.0251,-0.0361,-0.1949,-0.2834,0.0411,-0.0096,-4.28125,0.265886,62.4673,-0.031849,-0.072,-0.3872,0.443284
SMJC,Hydro Power,SMJC,Sagarmatha Jalabidhyut Company Limited,2025/26 Q4,432.0,455.8754,0.0,0.072,0.007,-0.0609,-0.122,-0.1959,5068224000.0,1173200.0,112501.232,223447.146,177073.928,44387.814,0.0,0.507293,0.032915,1.166304,0.827058,0.349786,0.792464,0.041739,0.90844,0.637758,0.19865,0.034762,0.055002,0.035003,0.020475,0.032398,0.020326,3.783482,5.98652,3.783482,3.783482,109.5893,114.180527,114.180527,72.162121,114.180527,3.941992,2.350812,0.557697,0.603237,1.677396,1.125,1.3454,-0.0195,-0.028,-0.15,-0.2166,0.0323,-0.0047,-6.87234,0.010803,54.5075,-0.023913,-0.0769,-0.2327,1.391919
SNORL,Hydro Power,SNORL,Snow Rivers Limited,2025/26 Q4,894.9,838.7455,-18.1,0.0192,-0.0209,0.0,0.0,0.0,8389687500.0,937500.0,113360.205,377510.889,341183.78,111818.243,0.0,0.935515,0.012681,0.922834,0.755296,0.48271,0.903772,0.017827,0.885945,0.65985,0.296199,0.120585,0.266546,0.0,0.039847,0.088078,0.0,11.927279,26.364509,11.927279,11.927279,112.0918,75.029685,75.029685,33.94336,75.029685,7.983638,2.250165,2.247861,0.682798,2.737981,1.301,0.0,-0.0464,-0.0696,-0.1331,-0.2568,0.1547,0.0617,2.507293,0.608485,57.753,0.0,0.0,0.0,2.114623
SOHL,Hydro Power,SOHL,Solu Hydropower Limited,2025/26 Q4,654.0,659.1762,-6.0,0.0,-0.0491,0.0358,0.0,0.0,65400000000.0,10000000.0,3804387.724,2629245.887,1380251.754,1113879.578,0.0,0.625773,0.01029,0.604956,0.604293,0.494969,0.524961,0.021601,0.50336,0.502844,0.42365,0.081445,0.074808,0.0,0.038874,0.035706,0.0,11.138796,10.231072,11.138796,11.138796,138.0439,58.713708,58.713708,63.922922,58.713708,4.737624,4.203723,4.136484,0.486671,1.80833,2.6646,7.4122,-0.037,-0.0541,-0.3835,-0.6102,0.1083,0.019,5.7,0.569632,49.9458,0.045195,0.0,0.0,-8.529043
SPC,Hydro Power,SPC,Samling Power Company Limited,2025/26 Q4,400.0,446.1016,-17.5,0.005,-0.0225,-0.1011,-0.2495,-0.198,2000000000.0,500000.0,49399.418,235192.152,208896.334,19848.571,0.0,0.924653,0.105827,0.818826,0.577348,0.25763,0.888194,0.072193,0.816002,0.483731,0.084393,0.036652,0.156198,0.036595,0.010431,0.044454,0.01022,3.969714,16.917612,3.969714,3.969714,109.8799,100.762921,100.762921,23.643999,100.762921,3.640339,0.697364,0.653557,0.832143,3.45671,1.1168,1.047,-0.0263,-0.0374,-0.1795,-0.2558,0.034,-0.0047,-7.234043,0.387709,47.3331,-0.096124,-0.1205,-0.287,0.841256
SPDL,Hydro Power,SPDL,Synergy Power Development Ltd.,2025/26 Q4,370.0,389.8844,0.0,0.0694,0.0151,-0.0263,-0.0339,0.012,4476491250.0,1330848.75,122256.25,230469.111,213627.759,80495.39,0.0,0.895986,0.111957,0.784029,0.57191,0.39969,0.926926,0.144981,0.782249,0.531169,0.349268,0.05591,0.075733,0.056447,0.046099,0.062444,0.04665,6.048425,8.192922,6.048425,6.048425,109.1863,61.172951,61.172951,45.160933,61.172951,3.388703,20.047375,4.422631,0.194758,1.209362,1.4111,1.2112,-0.0209,-0.0297,-0.1465,-0.2084,0.0413,0.0005,82.6,0.053417,58.5293,-0.019173,-0.0606,-0.2009,2.140787
SPHL,Hydro Power,SPHL,Sayapatri Hydropower Limited,2025/26 Q4,526.9,544.9196,-24.1,0.0251,0.0055,-0.0916,-0.0297,0.0184,1580700000.0,300000.0,-24466.41,50249.141,44156.174,3004.662,0.0,0.483591,0.565391,-0.081799,-1.388775,-2.246059,0.878745,0.158336,0.720809,0.334344,0.059795,0.010742,-0.119668,0.010643,0.00638,-0.071075,0.006254,1.001554,-11.157743,1.001554,1.001554,91.8445,526.082468,526.082468,-47.222813,526.082468,5.736869,0.910736,0.734387,0.511756,1.652521,0.8812,0.6184,-0.0212,-0.0304,-0.1389,-0.2035,0.0399,-0.001,-39.9,0.25894,49.3735,-0.096639,-0.0233,-0.1676,0.42692
SPL,Hydro Power,SPL,Shuvam Power Limited,2025/26 Q4,624.2,687.7237,-37.8,0.014,-0.0397,-0.094,-0.2452,-0.3115,1248400000.0,200000.0,2451.041,20486.453,16532.232,10578.04,0.0,0.759586,0.098431,-0.090494,-0.311975,-0.345953,0.806984,0.083628,0.967595,0.711098,0.516343,0.052279,-0.032723,0.053038,0.04625,-0.028949,0.046477,5.28902,-3.310552,5.28902,5.28902,101.2255,118.018083,118.018083,-188.548617,118.018083,6.166429,7.946681,3.045066,0.154411,1.121018,0.9641,0.6285,-0.0224,-0.0322,-0.161,-0.2352,0.033,-0.0088,-3.75,0.245765,45.1024,-0.082255,-0.1297,-0.3695,0.348117
SSHL,Hydro Power,SSHL,Shiva Shree Hydropower Ltd,2025/26 Q4,208.8,210.423,-6.2,0.0819,0.044,0.0286,0.3674,0.2008,3082723200.0,2952800.0,-1391116.222,375129.343,363091.889,-119110.365,0.0,0.921103,0.320822,0.603135,0.01897,-0.921149,0.967911,0.259784,0.709279,0.369663,-0.317518,-0.075064,-0.126594,-0.106426,-0.026533,-0.044748,-0.027769,-4.033811,-6.803009,-4.033811,-4.033811,52.8882,-51.762468,-51.762468,-30.692299,-51.762468,3.947948,0.851359,0.851132,0.753616,2.851686,1.1859,0.9243,-0.0176,-0.025,-0.1206,-0.1695,0.0413,0.0021,19.666667,0.031818,60.0619,0.026194,0.0187,-0.1439,2.2887
TAMOR,Hydro Power,TAMOR,Sanima Middle Tamor Hydropower Limited,2025/26 Q4,527.0,454.6811,2.0,0.0601,0.1582,0.1716,0.1869,0.063,17562275000.0,3332497.0,960859.721,2025176.096,1772759.896,624291.366,0.0,0.894569,0.190432,0.728559,0.728559,0.523199,0.875361,0.259851,0.610063,0.610063,0.308265,0.151993,0.363517,0.159152,0.04713,0.11272,0.0468,18.733441,44.804243,18.733441,18.733441,128.833,28.131511,28.131511,11.762279,28.131511,4.090566,1.256615,1.089629,0.765929,3.054974,0.9526,1.0853,-0.0157,-0.0226,-0.1356,-0.1976,0.0282,0.0008,35.25,0.020548,75.5629,0.193529,0.0202,0.0,3.170476
TPC,Hydro Power,TPC,Terhathum Power Company Limited,2025/26 Q4,374.9,368.7016,-4.1,0.0835,0.044,0.0299,0.0193,0.1442,2999200000.0,800000.0,29094.414,182612.26,124604.158,89339.144,0.0,0.675247,0.066239,0.609008,0.605709,0.505884,0.682343,0.038832,0.643511,0.639992,0.489229,0.109438,0.129314,0.128254,0.078723,0.09302,0.078186,11.167393,13.195586,11.167393,11.167393,103.6368,33.570951,33.570951,28.411017,33.570951,3.617441,2.473512,1.829983,0.309187,1.35329,0.981,0.5532,-0.0205,-0.0294,-0.1635,-0.2367,0.0383,0.0014,27.357143,0.019822,69.4117,0.049912,-0.0339,-0.1261,2.578127
TPKHL,Hydro Power,TPKHL,Taksar Pikhuwa Khola Hydropower Limited ,2025/26 Q4,512.0,533.5407,-8.0,0.0039,-0.0857,0.2906,0.0,0.0,6144000000.0,1200000.0,29327.7,250247.77,233612.87,35575.677,0.0,1.118813,0.147522,0.971291,0.66065,0.092611,0.933526,0.106946,0.82658,0.552912,0.142162,0.03492,0.020536,0.0,0.017973,0.01057,0.0,2.96464,1.743522,2.96464,2.96464,102.444,172.702265,172.702265,293.658412,172.702265,4.997854,8.596965,4.647475,0.42136,1.655084,-0.5066,0.0,-0.0502,-0.0731,-0.0795,-0.1092,0.1359,0.0213,6.380282,0.550939,49.2791,0.0,0.0,0.0,-0.176662
TSHL,Hydro Power,TSHL,Three Star Hydropower Limited,2025/26 Q4,365.0,509.7098,-2.7,0.0961,0.0111,-0.2829,-0.4949,-0.5044,1797625000.0,492500.0,-189746.629,135868.571,119131.661,-31523.664,0.0,1.705336,0.080532,0.608418,0.215305,0.063095,0.876815,0.066693,0.527057,0.165975,-0.232016,-0.104535,0.031668,-0.097639,-0.02678,0.008113,-0.026052,-6.400744,1.939071,-6.400744,-6.400744,61.4728,-57.024621,-57.024621,188.234482,-57.024621,5.937589,0.257428,0.257428,0.951388,3.858771,0.898,1.6791,-0.0298,-0.0424,-0.241,-0.3472,0.0714,-0.0162,-4.407407,0.06519,55.7083,-0.285394,-0.3938,-0.5944,4.776856
TVCL,Hydro Power,TVCL,Trishuli Jal Vidhyut Company Limited,2025/26 Q4,317.6,498.2205,2.6,0.0013,-0.3112,-0.3521,-0.1888,-0.2721,5883540000.0,1789162.77,-427285.603,0.0,0.0,-131655.362,0.0,0.0,0.0,0.0,0.0,0.0,0.0,0.0,0.0,0.0,0.0,-0.095355,-0.108996,-0.092057,-0.020782,-0.023755,-0.022574,-7.35849,-8.411157,-7.35849,-7.35849,76.1181,-43.16103,-43.16103,-37.759369,-43.16103,4.172462,4.678707,0.589169,1.059489,4.847233,1.1292,0.7082,-0.0243,-0.0345,-0.2,-0.2875,0.0689,-0.007,-9.842857,0.452058,29.3735,-0.347577,-0.1103,-0.5302,-6.505356
UHEWA,Hydro Power,UHEWA,Upper Hewakhola Hydropower Company Limited,2025/26 Q4,600.0,593.8516,-22.0,0.0235,-0.013,-0.0491,0.0931,0.2505,3000000000.0,575000.0,114925.463,261670.877,252990.591,108703.994,0.0,0.936441,0.332039,0.604402,0.604402,0.399002,0.966827,0.316069,0.653495,0.653495,0.415423,0.160923,0.165657,0.168972,0.069684,0.071734,0.070233,18.905042,19.461291,18.905042,18.905042,119.987,31.737564,31.737564,30.830431,31.737564,5.00054,46.195345,1.815118,0.583545,2.280399,1.1758,0.4937,-0.024,-0.0346,-0.2844,-0.4205,0.0372,0.0032,11.625,0.294487,50.8595,-0.030363,0.0275,-0.1004,-3.066817
ULHC,Hydro Power,ULHC,Upper Lohore Khola Hydropower Company Limited,2025/26 Q4,334.0,432.7393,-13.0,0.2846,-0.0205,-0.2085,-0.2723,-0.2584,1702745360.0,509804.0,-58594.008,69820.757,53212.398,-29018.588,0.0,0.797188,0.189635,0.607577,-0.293845,-1.830047,0.762129,0.062822,0.69934,0.102149,-0.415615,-0.062548,-0.214601,0.0,-0.028225,-0.09684,0.0,-5.692107,-19.529556,-5.692107,-5.692107,88.5066,-58.677747,-58.677747,-17.102284,-58.677747,3.773732,6.76713,0.245803,0.728228,2.248132,0.9895,0.7181,-0.0255,-0.0364,-0.1319,-0.1896,0.0761,-0.0068,-11.191176,0.000361,51.6827,-0.185647,-0.2276,-0.4315,3.527598
UMHL,Hydro Power,UMHL,United Modi Hydropower,2025/26 Q4,557.3,586.2311,18.3,0.0061,-0.075,-0.0743,0.0579,0.0368,6857576500.0,1316635.0,78735.0,282985.0,267858.0,75562.0,0.0,0.987634,0.075184,0.914193,0.653006,0.37403,0.946545,0.182165,0.765412,0.522006,0.267018,0.054565,0.073128,0.055556,0.035099,0.047039,0.035446,5.739024,7.691425,5.739024,5.739024,105.98,97.107102,97.107102,72.45731,97.107102,5.258538,18.024328,4.831972,0.377689,1.547553,1.4285,1.2754,-0.0217,-0.0309,-0.1559,-0.2232,0.032,0.0014,22.857143,0.441615,42.3989,-0.058633,0.013,-0.1315,-0.865412
UMRH,Hydro Power,UMRH,United IDI Mardi RB Hydropower Limited,2025/26 Q4,518.3,535.6885,-17.7,-0.0027,-0.0033,-0.0294,-0.001,-0.0551,2388450792.0,483865.2,58068.938,180288.538,157112.377,55777.795,0.0,0.808786,0.567683,0.241103,-0.108856,-0.672005,0.87145,0.134368,0.737082,0.578437,0.309381,0.101636,-0.100077,0.105786,0.042291,-0.041642,0.041783,11.527548,-11.350765,11.527548,11.527548,112.0011,44.961859,44.961859,-45.662122,44.961859,4.627635,0.453359,0.453359,0.663977,2.395834,1.4801,0.9563,-0.0238,-0.0337,-0.1724,-0.2451,0.0269,-0.0019,-14.157895,0.511863,47.346,-0.006641,-0.0267,-0.1503,0.706107
UNHPL,Hydro Power,UNHPL,Union Hydropower Limited,2025/26 Q4,367.8,429.2615,-2.2,0.0361,0.006,-0.0805,-0.2268,-0.2072,2758500000.0,750000.0,37619.343,81315.956,79389.367,32678.58,0.0,0.975781,0.380817,0.60064,0.18976,0.18094,0.976307,0.205111,0.77263,0.415813,0.401872,0.041575,0.016394,0.042098,0.041575,0.016394,0.042098,4.357144,1.718071,4.357144,4.357144,105.0159,84.413093,84.413093,214.077241,84.413093,3.502326,59.171689,32.031195,0.004003,1.0,1.6699,1.1736,-0.0245,-0.0348,-0.1759,-0.2493,0.0357,-0.0047,-7.595745,0.130666,52.9716,-0.068887,-0.1708,-0.3432,2.047663
UPCL,Hydro Power,UPCL,Universal Power Company Ltd,2025/26 Q4,350.0,364.8402,0.0,0.0145,0.0163,-0.0057,-0.0305,-0.0748,7979754650.0,2485123.618,240308.411,239675.986,184591.506,27968.11,0.0,0.726278,0.045034,0.719375,0.162047,0.122102,0.770171,0.093888,0.936364,0.435979,0.116691,0.010021,0.010694,0.010435,0.006918,0.007383,0.006988,1.125421,1.201048,1.125421,1.125421,109.6699,310.994651,310.994651,291.412082,310.994651,3.191396,5.600438,2.833735,0.384647,1.450138,1.6499,1.3742,-0.0226,-0.0321,-0.1664,-0.236,0.0286,-0.0016,-17.875,0.287931,55.9753,-0.003293,-0.0531,-0.1706,1.710118
UPPER,Hydro Power,UPPER,Upper Tamakoshi Hydropower Ltd,2025/26 Q4,199.0,201.2951,-3.6,0.0874,0.0446,0.0153,0.1443,0.086,42148200000.0,21180000.0,-12635346.982,10668812.794,10409836.539,925934.769,0.0,0.976137,0.057171,0.893751,0.595339,0.216618,0.975726,0.059519,0.908984,0.570183,0.086789,0.095899,0.264799,0.091153,0.011691,0.032282,0.011492,4.371741,12.071336,4.371741,4.371741,44.481,45.519621,45.519621,16.485334,45.519621,4.473821,3.567357,2.540848,0.908824,8.353366,1.241,1.2171,-0.0178,-0.0252,-0.146,-0.2025,0.0346,0.0007,49.428571,0.008159,68.7774,0.02125,-0.0122,-0.1639,1.757541
USHEC,Hydro Power,USHEC,Upper Solu Hydro Electric Company Limited,2025/26 Q4,503.0,497.7943,-19.9,0.008,0.006,0.0211,0.0935,0.0684,6790500000.0,1350000.0,256755.347,738286.136,635997.239,208763.013,0.0,0.757437,0.077115,0.699226,0.274109,0.016792,0.861451,0.046396,0.821169,0.559297,0.282767,0.129967,0.004784,0.135291,0.045651,0.00168,0.045578,15.463927,0.569247,15.463927,15.463927,119.0189,32.527314,32.527314,883.623281,32.527314,4.226219,1.81796,1.646249,0.70396,2.832176,1.341,1.1399,-0.0212,-0.0302,-0.1655,-0.2392,0.0266,0.0003,88.666667,0.386109,56.9537,0.037847,0.0116,-0.0526,0.621808
USHL,Hydro Power,USHL,Upper Syange Hydropower Limited,2025/26 Q4,525.0,595.2016,-5.0,0.0479,-0.0278,-0.0901,-0.3808,-0.276,1155000000.0,220000.0,217.854,65534.331,62356.859,1906.444,0.0,0.911947,0.490436,0.421567,-0.006325,-0.652675,0.951514,0.249808,0.701752,0.437721,0.029091,0.00885,-0.124019,0.009105,0.003513,-0.049232,0.003509,0.866565,-12.143704,0.866565,0.866565,100.099,605.839983,605.839983,-43.23228,605.839983,5.244806,2.711034,0.708635,0.711063,2.479582,0.8221,0.5517,-0.0222,-0.0318,-0.147,-0.2162,0.0496,-0.0075,-6.613333,0.136811,49.4869,-0.091407,-0.2113,-0.4415,0.447349
VLUCL,Hydro Power,VLUCL,Vision Lumbini Urja Company Limited,2025/26 Q4,390.0,469.5475,-14.0,0.0236,-0.0176,-0.1789,-0.3091,-0.2755,7458750000.0,1912500.0,721269.752,582327.536,528206.588,90455.711,0.0,0.889761,0.052323,1.866718,1.565749,0.989693,0.907061,0.10431,1.145133,0.758453,0.155335,0.035637,0.301029,0.035979,0.013783,0.116424,0.01338,4.72971,39.952438,4.72971,4.72971,137.7135,82.45748,82.45748,9.761607,82.45748,2.831967,11.052618,11.052618,0.609567,2.522305,1.0525,1.0008,-0.0177,-0.0251,-0.1219,-0.1692,0.0362,-0.0078,-4.641026,0.195138,46.5863,-0.157635,-0.1844,-0.377,3.451141
YMHL,Hydro Power,YMHL,Yambaling Hydropower Limited,2025/26 Q4,565.0,596.3627,-15.0,0.0089,-0.113,0.4243,0.0,0.0,3955000000.0,700000.0,-45683.281,180118.751,142611.797,-112279.296,0.0,0.267966,0.260773,0.007193,-0.534362,-0.883993,0.791765,0.087367,0.704399,0.327349,-0.623363,-0.209261,-0.206611,0.0,-0.068655,-0.067785,0.0,-16.039899,-15.836764,-16.039899,-16.039899,93.4738,-35.22466,-35.22466,-35.67648,-35.22466,6.044473,0.247747,0.247747,0.695141,2.673038,-0.6855,0.0,-0.0465,-0.0683,-0.1132,-0.1684,0.1505,0.0295,5.101695,0.554436,43.6286,0.0,0.0,0.0,-1.463411
